Time,X_vel_uav,Y_vel_uav,Z_vel_uav,R_vel_uav,X_cmd_vel,Y_cmd_vel,Z_cmd_vel,R_cmd_vel
1700334723.6049657,0.03143640648479492,-0.004909693742538489,-1.0317277064764971,0,0,0,0,0
1700334723.6365068,0.030338790400930047,-0.004161196722940707,-1.0264966776525102,0,0.014131235669720176,0.06956955837313153,-0.11616485580561645,0.08615484874652993
1700334723.671918,0.03134457070133799,-0.0034918735386276593,-1.029796134438607,0,0.014131235669720176,0.06956955837313153,-0.11616485580561645,0.08615484874652993
1700334723.7020557,0.03110177550721452,-0.0031129869708638315,-1.0365914028926118,0,-0.03428558081368552,0.050013406193058337,-0.06153530849988438,0.062285712021633674
1700334723.7386205,0.03134503417865132,-0.0022902609886170646,-1.029701625704632,0,-0.006220055418336937,0.045515724213838246,-0.15266640580905316,0.055430641502246664
1700334723.770776,0.03237263462534677,-0.0016804245683708482,-1.029771652249854,0,-0.006220055418336937,0.045515724213838246,-0.15266640580905316,0.055430641502246664
1700334723.8010516,0.03091466805833864,-0.0012555424738475434,-1.0333070277814433,0,-0.037135992403041856,0.08866444509883992,-0.020361818127425005,0.045070074312949286
1700334723.837918,0.030338991156236447,-0.0026291794817590807,-1.033697766038092,0,-0.009992201215005993,0.012271175031796817,-0.11667717354134693,0.08531551444964572
1700334723.8689194,0.032178985693846036,-0.003964225892616713,-1.0298688929086468,0,-0.009992201215005993,0.012271175031796817,-0.11667717354134693,0.08531551444964572
1700334723.9034612,0.032179808492293765,-0.005164794806871502,-1.029961354666851,0,0.07985556180392955,0.08816280895944259,-0.049055043768512725,0.021699400652851815
1700334723.9529831,0.030021518337004092,-0.007010834545161687,-1.0280916293486977,0,0.039993772106326694,0.05392347706252552,-0.07898872360884407,0.0454997560280499
1700334723.9709644,0.030482337932723643,-0.008552361630544325,-1.0249873741017732,0,0.039993772106326694,0.05392347706252552,-0.07898872360884407,0.0454997560280499
1700334724.0036151,0.029988382695959787,-0.0098304176406694,-1.0348228645376991,0,0.10472153554469033,0.00505646387296179,-0.02339586480296535,0.02429567122346883
1700334724.03737,0.03002140961296805,-0.011214908304643926,-1.0312781912651,0,0.04842232330411182,0.03684435409943215,-0.17361808015534663,0.08109889576315571
1700334724.0725396,0.03002140961296805,-0.011214908304643926,-1.0312781912651,0,0.04842232330411182,0.03684435409943215,-0.17361808015534663,0.08109889576315571
1700334724.094238,0.029408418899354895,-0.010439053715074711,-1.035204525615553,0,0.05321856194206119,0.051180890552645415,-0.05183788825585734,0.023207174241154854
1700334724.141875,0.030611309981701647,-0.009490416385193098,-1.0306248516096355,0,-0.007251065541454464,0.032647053317502936,-0.1249183655541512,0.040886077834109955
1700334724.1933656,0.02916655180829362,-0.010594750384062953,-1.033755888607871,0,-0.013284003400628543,0.08387229255094725,-0.041428054252025115,0.03096836190181382
1700334724.2121313,0.03006152809030446,-0.011103661921764783,-1.034161047753379,0,-0.013284003400628543,0.08387229255094725,-0.041428054252025115,0.03096836190181382
1700334724.2368128,0.028596044296628174,-0.012879093430696502,-1.0346944329184047,0,0.05936054422474671,0.035453970294396175,-0.11891340862430275,0.0470193639013294
1700334724.2729068,0.027784716664784277,-0.013298997103294082,-1.0256183519081477,0,0.05936054422474671,0.035453970294396175,-0.11891340862430275,0.0470193639013294
1700334724.3040829,0.028641523917194774,-0.013572387827503304,-1.030664307015581,0,0.0783345458934609,-0.01516218921808326,0.004969926237366293,0.041130093224131796
1700334724.3382518,0.02708441185305599,-0.01543237258515953,-1.0317407170027684,0,0.025838537110880074,0.0711940291016257,-0.1224825894869869,0.04998484917543823
1700334724.3750596,0.025923172765631518,-0.016008181857904195,-1.0289542602500403,0,0.07198981402228197,0.0031686529157077398,-0.09190857565627247,0.0016126405686307972
1700334724.4038694,0.02623157163772711,-0.016500248892022455,-1.0348958612931445,0,0.07198981402228197,0.0031686529157077398,-0.09190857565627247,0.0016126405686307972
1700334724.4360483,0.026234783489338394,-0.017706550179602588,-1.0349863864314428,0,0.05164339162613431,0.020825912657780252,-0.11762691980168744,0.04686214576819479
1700334724.4778683,0.027067019577117105,-0.01790700445921745,-1.031333496919952,0,0.05707905399358875,0.04403030352330762,-0.0920897795537272,0.03527026445695859
1700334724.5073984,0.02687170422593407,-0.0196838368497269,-1.0316446378055106,0,0.05707905399358875,0.04403030352330762,-0.0920897795537272,0.03527026445695859
1700334724.5390866,0.025852356055816463,-0.021936413369752994,-1.0375587650630045,0,0.08095452174451571,0.06227065654018239,-0.05450105658341538,0.06184886585753543
1700334724.5705454,0.025060435338807655,-0.022534431659581,-1.0353177726431841,0,0.08095452174451571,0.06227065654018239,-0.05450105658341538,0.06184886585753543
1700334724.6038961,0.024731726629141425,-0.02265264387882668,-1.0320889246847125,0,0.1088231832507834,-0.007109157648623028,-0.12308457769260209,0.02201603313927462
1700334724.6401086,0.0239142962781736,-0.021697396867236405,-1.026331411952444,0,0.03382581874582405,0.03251763607185708,-0.05661031766622669,0.012406605643165038
1700334724.672506,0.02405365093821196,-0.02111073545270615,-1.0260327076691163,0,0.03382581874582405,0.03251763607185708,-0.05661031766622669,0.012406605643165038
1700334724.7035835,0.023331967148239156,-0.02094606530072308,-1.0281645577389817,0,-0.013918573528353888,0.021914014097316487,-0.01702299499829684,0.011946770025552046
1700334724.7392628,0.024455957972357972,-0.021339600159629733,-1.0299427629513296,0,0.023741487135939696,0.019523414265037623,-0.09144962060940673,0.02779489735139728
1700334724.7719455,0.024455957972357972,-0.021339600159629733,-1.0299427629513296,0,0.023741487135939696,0.019523414265037623,-0.09144962060940673,0.02779489735139728
1700334724.8025346,0.024455957972357972,-0.021339600159629733,-1.0299427629513296,0,0.03962662816453861,0.07142388093731954,-0.09311729424399606,0.02847144538896401
1700334724.8597226,0.022961740976599893,-0.02147137165396473,-1.0266725176281595,0,0.028802058335452248,0.0409637296036996,-0.07816258840815074,0.025658875461214602
1700334724.879019,0.022037911757788933,-0.021203581454149228,-1.0199041083166855,0,0.03260441704453459,-0.0020323644492391407,-0.0421231768486869,0.020015483699679565
1700334724.9023278,0.023693384769383798,-0.02177084380967418,-1.0215317749992716,0,0.03260441704453459,-0.0020323644492391407,-0.0421231768486869,0.020015483699679565
1700334724.9392254,0.02206539587923048,-0.02267865752474383,-1.016094788212213,0,0.037621389004861394,0.05951396627316169,-0.012972899949151698,0.03350218078431027
1700334724.9705112,0.022214236187704392,-0.024084549317011632,-1.023883356035424,0,0.037621389004861394,0.05951396627316169,-0.012972899949151698,0.03350218078431027
1700334725.0047605,0.021832659328085393,-0.025646645205545104,-1.0154002523073333,0,0.09614769989799457,-0.002876080949107032,-0.08212190910891136,0.033357574852814514
1700334725.03717,0.0212409291865497,-0.025112960311304472,-1.0102920815855363,0,0.0775822865439259,0.026228971478868164,0.03114208373017885,0.02769129874342544
1700334725.0696962,0.021832659328085393,-0.025646645205545104,-1.0154002523073333,0,0.0775822865439259,0.026228971478868164,0.03114208373017885,0.02769129874342544
1700334725.1051261,0.022307644846047702,-0.02579203367280936,-1.0123583763003703,0,0.034615277033924224,0.03656970437454304,-0.04020081862306292,0.029227612079501863
1700334725.1391406,0.022890120705395964,-0.026863225026225207,-1.0120313388162632,0,0.03881056302876138,0.05023741265390848,-0.006678128275927432,0.03265964541062723
1700334725.1707304,0.021664430807927085,-0.02742200034482925,-1.015569907393366,0,0.03881056302876138,0.05023741265390848,-0.006678128275927432,0.03265964541062723
1700334725.2054918,0.021380853636730843,-0.028049889034038995,-1.0099534547156843,0,0.08184533714599515,0.018856821170209134,-0.06765266275173593,0.004331903042876246
1700334725.23926,0.022836022795212352,-0.029789599455708925,-1.0157926734492928,0,0.055129641514645666,0.028127988502106023,0.02125186882948014,0.016905476564941797
1700334725.271994,0.023702069870997294,-0.03143475031281494,-1.0152389529612285,0,0.055129641514645666,0.028127988502106023,0.02125186882948014,0.016905476564941797
1700334725.3052347,0.022846405271715237,-0.03334371763828617,-1.0160737300397444,0,0.1355314768312174,0.10260592698254128,-0.08423080305501698,0.026154380977039277
1700334725.3369927,0.02255281606284,-0.03393622266310949,-1.0104564867110388,0,0.09751207095080652,0.015079218189579281,-0.04897934012606827,0.013675025077669146
1700334725.387245,0.023028920258599976,-0.03419403298133569,-1.0073469130626396,0,0.06210116294118924,0.029819699344738083,0.01994540348391845,0.017141094842945195
1700334725.4052238,0.023694920837456772,-0.034610607295816706,-1.0129318785321437,0,0.06210116294118924,0.029819699344738083,0.01994540348391845,0.017141094842945195
1700334725.4390185,0.023605013393583122,-0.033607629213639315,-1.0073011366018116,0,0.06526356037440842,0.07064003179485459,-0.05457542093580019,-0.003937641708125188
1700334725.4725327,0.024767772446030203,-0.0329284549059164,-1.0074659663032,0,0.06526356037440842,0.07064003179485459,-0.05457542093580019,-0.003937641708125188
1700334725.5070693,0.025089458355033057,-0.032832817527456676,-1.0156755963264958,0,-0.0018257480500824472,0.07056029743944056,0.02647916340754394,0.005725918827829265
1700334725.5366826,0.02503681012384286,-0.0324862927264696,-1.01183816982125,0,0.04168385208489509,0.050742530878657724,-0.10996256514660316,-0.06586904631654808
1700334725.5740106,0.0241753832432391,-0.03184398832154571,-1.0070597381613133,0,0.0343152381169655,0.04050988989218243,0.00137039840772692,-0.04255321024314815
1700334725.6041136,0.02388645541319971,-0.03198813227153265,-1.0006695205736256,0,0.0343152381169655,0.04050988989218243,0.00137039840772692,-0.04255321024314815
1700334725.6377683,0.026697169637537637,-0.03255906140539739,-1.0031536916294093,0,0.02947198065339196,0.008835200158680213,0.09218062366712898,-0.028914748962789782
1700334725.6695018,0.025730819059867467,-0.03301811351635966,-1.0072755243698597,0,0.02947198065339196,0.008835200158680213,0.09218062366712898,-0.028914748962789782
1700334725.7077577,0.0270703847044646,-0.03183169120600345,-1.0025453198796082,0,0.07289521193324222,0.09308137674997419,-0.07454852074141052,-0.02283435078536607
1700334725.736714,0.026080955232104977,-0.03184383017139458,-1.0062357578370589,0,0.01032950155208507,0.08164512334856053,0.03313671674928617,-0.060444314114805775
1700334725.769717,0.026080955232104977,-0.03184383017139458,-1.0062357578370589,0,0.01032950155208507,0.08164512334856053,0.03313671674928617,-0.060444314114805775
1700334725.8263888,0.026077151133472566,-0.030670487253214192,-1.0061424340070402,0,0.042979617582331264,0.04368560001377584,-0.016277822257858485,-0.0327629143193218
1700334725.840349,0.026150217243640108,-0.029793541246517636,-1.0086985876966676,0,0.042979617582331264,0.04368560001377584,-0.016277822257858485,-0.0327629143193218
1700334725.8717797,0.02664475664847224,-0.028905670120030185,-1.0058295710282825,0,0.042979617582331264,0.04368560001377584,-0.016277822257858485,-0.0327629143193218
1700334725.9020746,0.02664475664847224,-0.028905670120030185,-1.0058295710282825,0,-0.041803047411824376,0.05990898576974382,-0.011801481150419553,-0.06631649130214928
1700334725.9388204,0.02664099647149617,-0.02773293586428074,-1.0057372678446215,0,0.03901398296100474,0.044629967386191,-0.015217512212228692,-0.0495430767734281
1700334725.9720118,0.02653199662036237,-0.0273043067465151,-1.0001218448908964,0,0.03901398296100474,0.044629967386191,-0.015217512212228692,-0.0495430767734281
1700334726.022799,0.02898222302002297,-0.026694320642239883,-1.002156410263417,0,-0.007194478136134497,0.04138529757732953,0.04768391291222138,-0.0705554845184869
1700334726.0392542,0.027093732675162276,-0.026050764138019676,-1.0000276840059354,0,0.019251046786637055,0.11494635898934072,-0.02273978813452273,-0.04589333391058453
1700334726.071383,0.027090640372497095,-0.02488559013841312,-0.9999330836975645,0,0.019251046786637055,0.11494635898934072,-0.02273978813452273,-0.04589333391058453
1700334726.104172,0.02819926124140472,-0.02488253633668842,-1.0060949363189635,0,-0.016162860228442752,-0.005885067124018609,0.018872854734697617,-0.05692353060851478
1700334726.123949,0.02840699439132319,-0.023106778966222725,-1.0072185197962389,0,0.03349996142338876,0.07727738812674952,-0.06773140231298805,-0.08703070841242036
1700334726.1712205,0.028438090318956957,-0.02265288135091213,-0.9995848014102687,0,0.03349996142338876,0.07727738812674952,-0.06773140231298805,-0.08703070841242036
1700334726.2059608,0.029684988667144356,-0.021136127294010952,-1.0054591246453772,0,-0.030754296079436572,0.05410606928591856,0.05583406898075766,-0.06078417657474239
1700334726.2400146,0.031518315492584895,-0.019391176119342424,-1.0038298305978464,0,-0.013192406080397186,0.0835133012533453,-0.06365355738155523,-0.04399399950034966
1700334726.2810373,0.03240536203599686,-0.01666012372451243,-1.0009102751990349,0,-0.021824356602156054,0.10247633541951828,0.0037049731471164842,-0.07087963481731138
1700334726.3040795,0.03234367620392743,-0.013656699253571892,-1.0041714080924249,0,-0.021824356602156054,0.10247633541951828,0.0037049731471164842,-0.07087963481731138
1700334726.3662834,0.03297661338752774,-0.008627204089710499,-1.0057920284810524,0,-0.13930007368733827,0.07654293291896122,-0.013761710413871338,-0.10300031276366753
1700334726.3775473,0.03336750383515309,-0.005107206538991864,-1.0054183282075766,0,-0.1266971566172892,0.07238842509967733,-0.028748928615296827,-0.11846944122270177
1700334726.4025476,0.03424017635714994,-0.0010274319515224885,-1.003476177951725,0,-0.1266971566172892,0.07238842509967733,-0.028748928615296827,-0.11846944122270177
1700334726.4405637,0.03533512951752536,0.002654736829850616,-1.0081537618665584,0,-0.2076526075280295,0.09159485187498771,0.0104020880264613,-0.21067738029296496
1700334726.4703202,0.03507713593167654,0.006240158918191318,-1.0054163918978583,0,-0.2076526075280295,0.09159485187498771,0.0104020880264613,-0.21067738029296496
1700334726.5027502,0.03572127050733431,0.009775554559516765,-1.0111270025468708,0,-0.20832469695423078,0.08143580715522901,-0.03045614869715029,-0.31295670932321973
1700334726.5376525,0.035611620045262096,0.01445097796230701,-1.0079120547166502,0,-0.1104386584992775,0.07728917510011071,-0.07707216300654732,-0.27483371218971925
1700334726.5736115,0.0354780983604039,0.017844902223027606,-1.0072957539851,0,-0.24604074136294957,0.05283584957186237,0.013175964201788001,-0.40070276373715513
1700334726.6063337,0.03490485440195491,0.023254526850655054,-1.0053218774459578,0,-0.24604074136294957,0.05283584957186237,0.013175964201788001,-0.40070276373715513
1700334726.6380932,0.03528102464769948,0.0290403014909981,-1.0065735460610856,0,-0.18018376989784973,0.04293071984930691,0.0027080728092573284,-0.3357505863998051
1700334726.6740198,0.03396880232608656,0.03797677203927451,-1.0070511334211332,0,-0.19833921217967596,0.06928992994457436,-0.02768611769108288,-0.39732883392154317
1700334726.7053218,0.034165171208383346,0.04912026661494782,-1.006172607954829,0,-0.19833921217967596,0.06928992994457436,-0.02768611769108288,-0.39732883392154317
1700334726.7376356,0.03384787128620421,0.05874048010393676,-1.0060499756103658,0,-0.618617144549556,0.026987033568574927,-0.012741086331667323,-0.4158935286649287
1700334726.7707276,0.0339490311115012,0.0703476489105839,-1.0003424852683178,0,-0.618617144549556,0.026987033568574927,-0.012741086331667323,-0.4158935286649287
1700334726.8032184,0.033932128093369485,0.08352653022675283,-0.9976784413850646,0,-0.678828599158381,0.051007230486258395,0.04813730824914215,-0.4585367565154662
1700334726.8424604,0.03494827282908043,0.09072259398182016,-0.9956386501786575,0,-0.47523406732959084,0.05637824276502436,0.028464805666587323,-0.4708791738394236
1700334726.872205,0.03277703142821485,0.09478165323638907,-0.9954750858453082,0,-0.47523406732959084,0.05637824276502436,0.028464805666587323,-0.4708791738394236
1700334726.905958,0.03246590323000415,0.09959403240154789,-0.9988401824648521,0,-0.4375102108762088,0.023598408016569296,0.03034205599875855,-0.5289206380322997
1700334726.9430773,0.03147972476941654,0.10559959531393001,-0.9972182114646212,0,-0.2667913668492278,0.04594881373874702,-0.025272874876613803,-0.523117664882472
1700334726.971689,0.030076797696103084,0.11165256639505634,-0.9919255251175352,0,-0.2667913668492278,0.04594881373874702,-0.025272874876613803,-0.523117664882472
1700334727.005553,0.02998138039914641,0.12061005682952179,-0.9896815664161361,0,-0.48237950488885106,-0.014366123827746283,0.0792298775241212,-0.6598552118635489
1700334727.0379672,0.028507512415405587,0.12907718596610745,-0.9937340447100588,0,-0.40917212559321214,0.047633003421044345,0.04580693170608415,-0.6331625514565442
1700334727.0710325,0.02549842245136998,0.13471795320833987,-0.9895935861574439,0,-0.40917212559321214,0.047633003421044345,0.04580693170608415,-0.6331625514565442
1700334727.104183,0.025109635032021148,0.1411895200898877,-0.9935560576640561,0,-0.5698806192410665,-0.07877830277869652,0.027904816670210598,-0.7725628866305164
1700334727.1401443,0.025607647869343886,0.1471435163229386,-0.9926588141501396,0,-0.36857041390917566,0.031522499614282086,-0.01650311829686076,-0.7604406161638946
1700334727.1702957,0.022566836607653008,0.1491689605411086,-0.982629629609498,0,-0.36857041390917566,0.031522499614282086,-0.01650311829686076,-0.7604406161638946
1700334727.2046795,0.02222042681878045,0.15311996200216732,-0.9908974855359588,0,-0.42081583509361625,-0.03111038598255781,0.13723487480620034,-0.8323343645105411
1700334727.2393749,0.02095896125256861,0.15606661868252938,-0.9898398112449145,0,-0.3153422589022066,0.02783150964301098,-0.045771464584602545,-0.8531248880311152
1700334727.2704625,0.019492143530036466,0.15820424619948154,-0.987015241720815,0,-0.3153422589022066,0.02783150964301098,-0.045771464584602545,-0.8531248880311152
1700334727.303898,0.01881069260731959,0.16241271607620053,-0.9902784028620312,0,-0.353376592226765,-0.04128713671215092,0.06654508349734381,-0.9205421847556576
1700334727.3428433,0.017992463949741525,0.16578846441239378,-0.993190833587822,0,-0.3349666153170805,0.013040590111632992,-0.00206592802867411,-0.9142284124857323
1700334727.3714237,0.016896238104987873,0.165611949049806,-0.9776296401808205,0,-0.3349666153170805,0.013040590111632992,-0.00206592802867411,-0.9142284124857323
1700334727.4035969,0.015131933777493847,0.1680732211879214,-0.9838338432218104,0,-0.3115245498045152,-0.02358051818733485,0.16477168142096738,-0.9834022719255954
1700334727.4409149,0.011226045500982048,0.16896503532281662,-0.9875917485162089,0,-0.29454817806833955,-0.022466658197785917,-0.009977211920939026,-0.9901286280006747
1700334727.4759707,0.009447886501933893,0.16902789297418783,-0.9895770877836987,0,-0.2525823477696336,-0.08704594607932484,0.000786516147397269,-0.9644228287558025
1700334727.5045445,0.007507596545426881,0.16911938568832158,-0.9903223156268791,0,-0.2525823477696336,-0.08704594607932484,0.000786516147397269,-0.9644228287558025
1700334727.5492961,0.006063104459618476,0.17204919383788353,-1.0011115313548138,0,-0.23250599601710698,-0.08819474248195498,0.0022985578868582775,-1.0
1700334727.5776207,0.003140328329800794,0.16957315023955455,-0.9879001996744835,0,-0.3128020998848424,-0.028990035555546828,-0.09363884572053653,-1.0
1700334727.6110833,0.0005453935408039922,0.17038904047216516,-0.9876197679163051,0,-0.3128020998848424,-0.028990035555546828,-0.09363884572053653,-1.0
1700334727.643701,-0.00017249361293902816,0.17025612577211383,-0.9877567936238929,0,-0.18430990944783182,-0.14861643171902578,0.14578308834913495,-1.0
1700334727.675165,-0.004008769617099571,0.1710679529636672,-0.9994772403385062,0,-0.22613874121501001,-0.019743668668108727,0.030807279723376737,-1.0
1700334727.7087371,-0.006218047809765669,0.1691072808931182,-0.9876684891999873,0,-0.22613874121501001,-0.019743668668108727,0.030807279723376737,-1.0
1700334727.7475834,-0.009579138407771522,0.1722609687065489,-0.9955987920845656,0,-0.19664396977978763,-0.17424974881535948,0.03293281599739942,-1.0
1700334727.775827,-0.013077168231300952,0.17306064235370314,-0.9900892846787849,0,-0.31924596645945386,-0.10713061203897589,-0.0552049341168535,-1.0
1700334727.8094997,-0.014950661493032641,0.17779108288133463,-1.0005875808218199,0,-0.31924596645945386,-0.10713061203897589,-0.0552049341168535,-1.0
1700334727.8413343,-0.018160023685898564,0.17981718134744218,-0.9952127693738867,0,-0.39207594505659404,-0.170610633611406,-0.043489534257587066,-1.0
1700334727.8732736,-0.019775629492005977,0.1806138390915124,-0.9878360177104472,0,-0.3214172309389641,-0.16388081217128742,0.13899350513529324,-1.0
1700334727.910728,-0.023351256889562532,0.18389093378361146,-0.9900868919013919,0,-0.3214172309389641,-0.16388081217128742,0.13899350513529324,-1.0
1700334727.9387953,-0.02592699025135453,0.18715113080644788,-0.9896533127982737,0,-0.3383373599286169,-0.13601285776379987,0.006947325434761568,-1.0
1700334727.97312,-0.028264947256894598,0.18993890429028462,-0.9842614604297846,0,-0.42271601587714913,-0.18050479560999744,0.09007576237030775,-1.0
1700334728.0067022,-0.03185708641443605,0.19433796047664556,-0.9842563212137247,0,-0.42271601587714913,-0.18050479560999744,0.09007576237030775,-1.0
1700334728.0407205,-0.03740722474250904,0.20269595656864137,-0.9884347106811749,0,-0.3832983847173725,-0.15070759091355368,0.041140519910756033,-1.0
1700334728.071458,-0.04040778461331854,0.20716367772438984,-0.9826380783577209,0,-0.3832983847173725,-0.15070759091355368,0.041140519910756033,-1.0
1700334728.104243,-0.044038847274421186,0.21579778002808628,-0.9892192998100159,0,-0.6323929944410632,-0.299406960417024,0.05893098267399797,-1.0
1700334728.1268528,-0.047149070769693796,0.222994038038904,-0.9879172409819627,0,-0.5287518816693821,-0.17216686730053726,-0.02720613263786646,-1.0
1700334728.1750236,-0.048245185592055075,0.22989345798908634,-0.9866478101134236,0,-0.4989153259866609,-0.16326175026112483,0.04249114888461237,-1.0
1700334728.2087011,-0.052401660242614494,0.23594811768459,-0.983733018709181,0,-0.4989153259866609,-0.16326175026112483,0.04249114888461237,-1.0
1700334728.2379599,-0.0533789844391611,0.24627492937624912,-0.9891826908031117,0,-0.6747740891731305,-0.23011795562253018,0.07765263727564814,-1.0
1700334728.2707248,-0.05564089777763012,0.252788347086686,-0.9821975284721066,0,-0.6747740891731305,-0.23011795562253018,0.07765263727564814,-1.0
1700334728.3075366,-0.0598815394038877,0.2611928319758084,-0.981510375950486,0,-0.8043957819969529,-0.18098184097645398,0.05938504457020802,-1.0
1700334728.3559146,-0.06290290446957594,0.27151522677222806,-0.9828405854670004,0,-0.5837057266779486,-0.21522296657309226,0.054044267325681204,-1.0
1700334728.374488,-0.06308336339303446,0.27908477822162153,-0.9814589247862319,0,-0.6503918928447955,-0.18724135826669114,0.03360587366305601,-1.0
1700334728.4050634,-0.06364640131277435,0.2838776496272267,-0.9779038754798006,0,-0.6503918928447955,-0.18724135826669114,0.03360587366305601,-1.0
1700334728.440283,-0.06494264923821247,0.2919872070639514,-0.9788551013698841,0,-0.7231904667514613,-0.12675648664957395,0.09919745443987835,-1.0
1700334728.4711695,-0.06726463962700477,0.2992724563362707,-0.9809538095392424,0,-0.7231904667514613,-0.12675648664957395,0.09919745443987835,-1.0
1700334728.5033536,-0.06848223431304205,0.310979099288097,-0.9866320760656392,0,-0.8273775876560281,-0.21072252969087724,0.02406823013885647,-1.0
1700334728.5422244,-0.06929672080692716,0.31305776953207354,-0.9758821110616973,0,-0.7417314113420795,-0.14770455846595587,-0.012858592848741641,-1.0
1700334728.5739734,-0.06966742592046134,0.31723290659874137,-0.9737658133534962,0,-0.4797099752682575,-0.13814459133588927,0.1533645429676965,-1.0
1700334728.6061325,-0.06937289297721855,0.32231136166204055,-0.9768124967525913,0,-0.4797099752682575,-0.13814459133588927,0.1533645429676965,-1.0
1700334728.6427255,-0.06801009461058324,0.327313756687014,-0.9797236533198047,0,-0.6895529499621287,-0.11826386155173779,0.05270411481661724,-1.0
1700334728.6733081,-0.06709038030662079,0.32820573187140245,-0.9767686244598669,0,-0.6051098232855403,-0.05052029364039058,0.06101214869177565,-1.0
1700334728.7041364,-0.06454078383502425,0.3312158703914089,-0.9779014484399091,0,-0.6051098232855403,-0.05052029364039058,0.06101214869177565,-1.0
1700334728.7511384,-0.06520712170931349,0.3338859984940802,-0.9791911120534574,0,-0.5298389303985812,-0.039011748543399366,0.04815900932030618,-1.0
1700334728.7775464,-0.0645798353462794,0.3369330114245366,-0.9819473528875448,0,-0.524090475759537,-0.12727968525633854,0.04347345010571334,-1.0
1700334728.8071105,-0.061523802057139636,0.3357760390908021,-0.9808965661983508,0,-0.524090475759537,-0.12727968525633854,0.04347345010571334,-1.0
1700334728.8664641,-0.05797316340411657,0.3346477245498898,-0.980199352220048,0,-0.505184376614289,-0.0032344058717974494,0.035524734237272426,-1.0
1700334728.8790848,-0.05718157205061401,0.3332847316664404,-0.9807452792851664,0,-0.4206386140626516,-0.0008827412049701028,0.0575511805223134,-1.0
1700334728.9072938,-0.055193861598719876,0.3318020079670967,-0.9827557553553629,0,-0.4206386140626516,-0.0008827412049701028,0.0575511805223134,-1.0
1700334728.9392657,-0.054491202566946485,0.32645162346365403,-0.9832313665976573,0,-0.3695588898268836,-0.017130639251605462,0.023515025852362387,-1.0
1700334728.9758608,-0.05216115823976569,0.32515588142614155,-0.9875924782571603,0,-0.2934440800371999,-0.07223070453857647,0.039772950085779045,-1.0
1700334729.0066628,-0.05153490331076627,0.32002912636929787,-0.9863151786697225,0,-0.2934440800371999,-0.07223070453857647,0.039772950085779045,-1.0
1700334729.0399773,-0.049448214546118495,0.31599171790994085,-0.9825075527080324,0,-0.2552861067832807,-0.006205253203049571,0.00978799807448796,-1.0
1700334729.072144,-0.04891013666844733,0.3127481250662107,-0.9867479701617962,0,-0.2552861067832807,-0.006205253203049571,0.00978799807448796,-1.0
1700334729.107823,-0.04771850696652093,0.3069365849393019,-0.9858484220705229,0,-0.22184492255914867,-0.010793302912806155,0.030953322241307923,-1.0
1700334729.1412075,-0.04696539848628172,0.30323405806030973,-0.9901509271426672,0,-0.25442008596182325,-0.04763533424671697,0.0445064784747149,-1.0
1700334729.1744628,-0.046334601891819385,0.29704344223675644,-0.9922331250907698,0,-0.3074333038304407,-0.058257802650039436,-0.0104740478699515,-1.0
1700334729.206293,-0.04552473537057358,0.2896217596129041,-0.9854530555787709,0,-0.3074333038304407,-0.058257802650039436,-0.0104740478699515,-1.0
1700334729.2433822,-0.047264732388857554,0.2845586243906071,-0.9870765733548105,0,-0.01648260785519723,-0.03721196131002018,0.0774824435695436,-1.0
1700334729.2731912,-0.04601462383473109,0.2798091422508821,-0.9907605662484397,0,-0.10775254613623864,-0.09035047230184295,-0.02051754686684088,-1.0
1700334729.3087132,-0.04780560156048858,0.2758498279951001,-0.9969801890942203,0,-0.10775254613623864,-0.09035047230184295,-0.02051754686684088,-1.0
1700334729.3432744,-0.048784768389293263,0.271884818308965,-0.9921338270442216,0,-0.2634096149254469,-0.12860987898184648,-0.04442411374456734,-1.0
1700334729.374569,-0.05026346398859993,0.2711099857116453,-0.9961231726691833,0,-0.2579013828447776,-0.10824990811267307,0.06129176272425271,-1.0
1700334729.4080405,-0.052141738725104844,0.26481185165541965,-0.9890782140528299,0,-0.2579013828447776,-0.10824990811267307,0.06129176272425271,-1.0
1700334729.476974,-0.05339645378884759,0.26299318261508897,-0.9928528017691144,0,-0.3574165561793199,-0.08733741236455062,0.02851023003649278,-1.0
1700334729.4901838,-0.0558963702570728,0.26360189247742327,-0.9986268134813817,0,-0.3574165561793199,-0.08733741236455062,0.02851023003649278,-1.0
1700334729.504035,-0.05672188945927083,0.2643993180306093,-0.9919917173110107,0,-0.3574165561793199,-0.08733741236455062,0.02851023003649278,-1.0
1700334729.5400589,-0.060921899406923954,0.26634088476027595,-0.9928409647789652,0,-0.34551260966187947,-0.21913124974017678,-0.0035977412699622277,-1.0
1700334729.57012,-0.06579338659736682,0.2735437384973459,-0.9917103407441986,0,-0.34551260966187947,-0.21913124974017678,-0.0035977412699622277,-1.0
1700334729.6033685,-0.06855275649281764,0.27919509641484364,-0.9939183121667899,0,-0.6207284132079256,-0.35604149499299076,0.024005703448233204,-1.0
1700334729.641828,-0.06916718591753913,0.28314763079903954,-0.9924123693270444,0,-0.5322758725098065,-0.18960479129218683,-0.002693401744181513,-1.0
1700334729.6756134,-0.07326738888469247,0.2895562216094011,-0.994834659596986,0,-0.49088276806115616,-0.13250607382183055,0.03247173039094382,-1.0
1700334729.705545,-0.07472681972864877,0.2953230923340279,-0.9940192205720106,0,-0.49088276806115616,-0.13250607382183055,0.03247173039094382,-1.0
1700334729.7389688,-0.0748417505561562,0.30247258011228606,-0.995394736340899,0,-0.733495822704628,-0.27583349932655776,0.002098607648656922,-1.0
1700334729.7732315,-0.07912806303109388,0.30947432736367275,-0.9943050523229062,0,-0.8069413703681597,-0.2518131990733447,0.012462246391253744,-1.0
1700334729.8096392,-0.07945908392410043,0.317874879882918,-0.9992772440222764,0,-0.8069413703681597,-0.2518131990733447,0.012462246391253744,-1.0
1700334729.8390474,-0.07948192514371313,0.3223935580706645,-1.0006510024579405,0,-0.6601013229723346,-0.14206463177334597,-0.039929449987453014,-1.0
1700334729.893743,-0.0786896640880646,0.3244734404543272,-0.9931086913382935,0,-0.5594253475601306,-0.13375122166722364,-0.013252685260143053,-1.0
1700334729.9072366,-0.07882495279825907,0.33528938850381534,-0.9959220558199825,0,-0.5594253475601306,-0.13375122166722364,-0.013252685260143053,-1.0
1700334729.9391384,-0.07820406550793763,0.3410009847235014,-0.990866662855963,0,-0.8072527995578467,-0.11422784537527891,0.05041550671274426,-1.0
1700334729.9972842,-0.07768993838334311,0.3474031777570711,-0.9924334739746252,0,-0.6173521946999938,-0.11416576415808428,0.06635751810819782,-1.0
1700334730.011456,-0.07532687175765779,0.35073490643991084,-0.993111796370811,0,-0.6173521946999938,-0.11416576415808428,0.06635751810819782,-1.0
1700334730.0389376,-0.07179815770476633,0.35396586457485135,-0.9926910698863071,0,-0.7411281539535064,-0.048200559561493175,-0.0009006061062368856,-1.0
1700334730.1043735,-0.06806331744778382,0.3587075518068667,-0.9975322348636316,0,-0.5666184618763505,-0.02463376332212512,0.022617540903462467,-1.0
1700334730.1164837,-0.0646039751908012,0.362248338206186,-0.9880031502614762,0,-0.5666184618763505,-0.02463376332212512,0.022617540903462467,-1.0
1700334730.1285279,-0.06105203774933456,0.3689067747330892,-0.9855408690435958,0,-0.7167443017803805,0.08675068768386293,0.07074198060226981,-1.0
1700334730.1737819,-0.056410006101813875,0.37067708341820665,-0.9906253513769467,0,-0.7321439252913932,0.12756980209101831,0.002418871384511221,-1.0
1700334730.2102787,-0.051333104838368934,0.37062534526986807,-0.9842146335527807,0,-0.7321439252913932,0.12756980209101831,0.002418871384511221,-1.0
1700334730.2413447,-0.04822084797625341,0.3782678246924579,-0.9923268367508914,0,-0.49880991900253974,0.05160107363508992,0.09512025747505748,-1.0
1700334730.2729897,-0.042365076957785686,0.37924857379136484,-0.9917240226644536,0,-0.49880991900253974,0.05160107363508992,0.09512025747505748,-1.0
1700334730.305853,-0.03694407532292684,0.3822480426034621,-0.99156398169157,0,-0.7490623237584954,0.172072051659515,-0.04155035119245848,-1.0
1700334730.3408709,-0.03239341789646812,0.38351476951941493,-0.9828588964180058,0,-0.5984235722474407,0.08502781813877233,0.023367326774276557,-1.0
1700334730.3733835,-0.028513238133088783,0.3884038095148765,-0.9848049575620563,0,-0.6935491463675931,0.18071601397168757,0.09650853170921822,-1.0
1700334730.4095192,-0.02088530693630345,0.3716566929826151,-0.9923231282711773,0,-0.6935491463675931,0.18071601397168757,0.09650853170921822,-1.0
1700334730.442529,-0.013547348862534584,0.3856157968251223,-0.9848821286280849,0,-0.040978851182253306,0.17173404631457417,-0.043188109702788635,-1.0
1700334730.4713902,-0.008832992115480996,0.38756240959829374,-0.9804426570674117,0,-0.040978851182253306,0.17173404631457417,-0.043188109702788635,-1.0
1700334730.5087678,-0.0037902061003820754,0.39127087944703687,-0.9834619781492742,0,-0.9605956254656735,0.3118224698508579,0.1509672508148968,-1.0
1700334730.5395494,0.0028488440358096253,0.3900145812264098,-0.9823470235692594,0,-0.630103477649194,0.13031090579104077,0.017778361940671727,-1.0
1700334730.5735044,0.00887903885014516,0.3870293482762522,-0.9759517867862951,0,-0.405705954984854,0.3582089282332812,0.12593616513570888,-1.0
1700334730.6104634,0.01818329629392905,0.38307169850811285,-0.9834921905359509,0,-0.405705954984854,0.3582089282332812,0.12593616513570888,-1.0
1700334730.639482,0.028311751413845683,0.3697458294484223,-0.9766335537322763,0,-0.4081727569539592,0.28260239801887455,-0.020322809709651703,-1.0
1700334730.6745272,0.029089908996226373,0.3797270614469257,-0.9731440769805421,0,-0.13250459165068812,0.32190331736793226,0.11867690685616923,-1.0
1700334730.7075987,0.031350211837137015,0.38658314598434085,-0.9736087296966327,0,-0.13250459165068812,0.32190331736793226,0.11867690685616923,-1.0
1700334730.7446866,0.03927087805835548,0.38248024512602224,-0.9734249570037298,0,-0.9848985007720397,0.13485388229839962,0.09433054213967297,-1.0
1700334730.7764077,0.04818310725156559,0.3763873084559534,-0.9805065152945557,0,-0.40337919583768067,0.2804287753427659,0.07091702058477742,-1.0
1700334730.809962,0.05541777775603956,0.36515357190934994,-0.9735096051808235,0,-0.40337919583768067,0.2804287753427659,0.07091702058477742,-1.0
1700334730.8415606,0.062120502031162456,0.3606514391677832,-0.9755074752386677,0,-0.016260302508261104,0.5304057595486047,0.06843863546661984,-1.0
1700334730.87671,0.06951576935124093,0.3540970469681141,-0.9783605219350544,0,-0.36293558425522204,0.2856956687580276,0.04713319945051281,-1.0
1700334730.9097774,0.07472465125799517,0.3438370774080166,-0.9650535915981245,0,-0.36293558425522204,0.2856956687580276,0.04713319945051281,-1.0
1700334730.940988,0.075017267215327,0.35057105835160296,-0.9609992595180606,0,-0.0015810688134603734,0.4667362349043085,0.1791412659092233,-1.0
1700334730.9734838,0.08200826269973581,0.34912925115717125,-0.9746948447693401,0,-0.0015810688134603734,0.4667362349043085,0.1791412659092233,-1.0
1700334731.0136378,0.09057994297699616,0.3348913758746863,-0.9751986312740628,0,-0.6583906372914445,0.13358381502936545,0.13590446574739182,-1.0
1700334731.0415056,0.09847557295704581,0.3183789500966898,-0.9724286105192552,0,-0.020717543807994843,0.5734699176277027,-0.05467522354579178,-1.0
1700334731.0720465,0.10252958202291103,0.30857734674976905,-0.9649969217825701,0,-0.020717543807994843,0.5734699176277027,-0.05467522354579178,-1.0
1700334731.113511,0.1066196860393177,0.30540267372720314,-0.9660732012127586,0,0.3073068402018108,0.49557226803266885,0.1771684122022324,-1.0
1700334731.1417186,0.11136808356622198,0.29427937804490156,-0.963108696935769,0,-0.3248794325709081,0.28942979296047777,0.07951100554632949,-1.0
1700334731.1711729,0.11425859746242933,0.28758109686243905,-0.9600004206172273,0,-0.3248794325709081,0.28942979296047777,0.07951100554632949,-1.0
1700334731.2249932,0.11345780307822834,0.2945408233610458,-0.9601360210144891,0,-0.38814820643523396,0.19138315074956913,0.10441490202078973,-1.0
1700334731.2436361,0.11869226924803965,0.28698254405252627,-0.9713567525559679,0,-0.38814820643523396,0.19138315074956913,0.10441490202078973,-1.0
1700334731.2744074,0.12382374007126122,0.2687936368142882,-0.9711236293925359,0,-0.3708765461182338,0.3189620563805059,-0.020736418476906368,-1.0
1700334731.306116,0.1257456880226524,0.2594621400404498,-0.966420438587304,0,-0.3708765461182338,0.3189620563805059,-0.020736418476906368,-1.0
1700334731.338144,0.12957429556241867,0.25005073080142326,-0.9743080911490908,0,0.40678018234357965,0.40177167622994847,0.12917048758816507,-1.0
1700334731.372752,0.131920597591176,0.233948030822561,-0.9641664729066306,0,0.40678018234357965,0.40177167622994847,0.12917048758816507,-1.0
1700334731.4094093,0.13114753904270354,0.2293927042029143,-0.9599733995327023,0,0.3860314309460394,0.38830705027220924,0.11249569049899455,-1.0
1700334731.4407556,0.13085546066353376,0.2275355729250547,-0.9592481984026587,0,-0.18431251886267144,0.1987222412329249,0.13974918493457056,-1.0
1700334731.4730315,0.13448774987128745,0.21668696716211394,-0.9720349400586019,0,-0.18431251886267144,0.1987222412329249,0.13974918493457056,-1.0
1700334731.508851,0.1381334361168447,0.1935913714057302,-0.9697869595931675,0,0.057021603465549464,0.31578669448903035,-0.028437563351789943,-1.0
1700334731.5420098,0.14050918730404893,0.17867314822949237,-0.9741896829523943,0,0.37397718288877685,0.3301716027503163,0.09777363639229877,-1.0
1700334731.573536,0.13981583526649688,0.17404599379619567,-0.9699892396098664,0,0.3027052787011317,0.2797845410269564,0.07663891398196734,-1.0
1700334731.6061678,0.1379229002825067,0.17345842185994664,-0.9639417596280846,0,0.3027052787011317,0.2797845410269564,0.07663891398196734,-1.0
1700334731.6421359,0.13995145997520977,0.16861339949722526,-0.9774806510987621,0,-0.2179550783059041,0.17972231990706486,0.14498573731363282,-1.0
1700334731.6925378,0.14137918624876697,0.15832174799092505,-0.978825454872094,0,-0.0943103201923905,0.2893926631307297,-0.055077568896606886,-1.0
1700334731.7079399,0.14167679884549247,0.14612361089347614,-0.9746417299743663,0,-0.0943103201923905,0.2893926631307297,-0.055077568896606886,-1.0
1700334731.7465672,0.14334657259858682,0.13728853464808627,-0.9802316768358647,0,0.4213810877117985,0.28406532145086105,0.09007055473108361,-1.0
1700334731.774699,0.14664532122469168,0.11904545556394322,-0.9826876204836097,0,0.0577192719911718,0.2853563778114898,0.004591777682457492,-1.0
1700334731.8092537,0.1488320719673521,0.0960298432164905,-0.9840780232874132,0,0.0577192719911718,0.2853563778114898,0.004591777682457492,-1.0
1700334731.8424008,0.1500553959330945,0.07418153289583765,-0.9802484742372709,0,1.005250087128176,0.39795075343885367,0.009214954353012977,-1.0
1700334731.8731508,0.15035017773470216,0.05845009684740739,-0.9778820802222723,0,0.954778407913054,0.2929772140008129,0.1098444989656156,-1.0
1700334731.91388,0.15606335351576994,0.051672670687402375,-0.9896560645693819,0,0.954778407913054,0.2929772140008129,0.1098444989656156,-1.0
1700334731.9444366,0.15753071245194028,0.04383188285751931,-0.9821336127746005,0,0.11667728033031087,0.4162331808058515,-0.07201739931110662,-1.0
1700334731.974473,0.15919782279298095,0.03726095384178476,-0.9918012055805874,0,0.15650881775596984,0.3036293705272161,0.10990223680729426,-1.0
1700334732.0121427,0.1586934420682936,0.02794981239669735,-0.9867271752713871,0,0.15650881775596984,0.3036293705272161,0.10990223680729426,-1.0
1700334732.0474114,0.15979629564735856,0.012868463251423221,-1.0008910364898504,0,0.3991283683035463,0.2973214880675671,-0.003984478926403766,-1.0
1700334732.0751085,0.158959962012092,-0.005782770426396145,-0.996805573295773,0,0.39745902473946426,0.29754612720198576,-0.12144403450038245,-1.0
1700334732.1105762,0.15704830741654224,-0.01949018532743468,-0.9939649364755421,0,0.39745902473946426,0.29754612720198576,-0.12144403450038245,-1.0
1700334732.1275065,0.15542103971306323,-0.02634458845176167,-0.9887347764041963,0,0.9163628909465039,0.18858543386758603,0.07400243094457844,-1.0
1700334732.1750412,0.15356386304819816,-0.030292206299057798,-0.9869302486659663,0,0.22409450337108083,0.2162312867550997,0.07339238587450425,-1.0
1700334732.2119277,0.1511298263539326,-0.03240758145543683,-0.9865572904493561,0,0.22409450337108083,0.2162312867550997,0.07339238587450425,-1.0
1700334732.2405424,0.14979956750179543,-0.033560776433592475,-0.9911610243776017,0,0.21050919824949216,0.13685057711039705,0.05340350589120623,-1.0
1700334732.2920597,0.14746169248991506,-0.03395349186912777,-0.9927830075913275,0,0.07701676102156887,0.21486426067259015,-0.015644140371836354,-1.0
1700334732.310174,0.1463400695630377,-0.03442919483339788,-0.9989230553288864,0,0.07701676102156887,0.21486426067259015,-0.015644140371836354,-1.0
1700334732.3534727,0.14333239334458922,-0.04106333084131367,-1.0002721309281566,0,0.07035580077168463,0.1513672223777533,-0.062467423930829234,-1.0
1700334732.4000604,0.14053648088129403,-0.04558066841047264,-0.9965387731246955,0,0.2379017226702526,0.15857373333223346,-0.012056096364722524,-1.0
1700334732.4131472,0.13828456282275903,-0.04613997068108308,-1.0012044205661879,0,0.2379017226702526,0.15857373333223346,-0.012056096364722524,-1.0
1700334732.4408696,0.13377923194013794,-0.044667999376992326,-1.0010795965070272,0,0.20191317386095536,0.09483043558652315,-0.010984575301819762,-1.0
1700334732.4753313,0.12986656940856725,-0.038252659064080416,-0.9976108674142184,0,0.01980035606880623,0.10198574658069955,-0.0017684083844022097,-1.0
1700334732.5075502,0.12906081289070204,-0.027721008319308058,-0.9998481942749635,0,0.01980035606880623,0.10198574658069955,-0.0017684083844022097,-1.0
1700334732.540947,0.12469101752516885,-0.015659447185307224,-1.005307870986573,0,-0.4287288911040934,0.088307705352213,0.010752366436290428,-0.9704294261498692
1700334732.574691,0.12161618712281616,-0.004788245959779931,-0.9988302039882004,0,-0.3106297446858177,0.09043599994870857,-0.059771547567986305,-1.0
1700334732.607174,0.11862394053945977,0.0027675157771401312,-1.0033759021695636,0,-0.3106297446858177,0.09043599994870857,-0.059771547567986305,-1.0
1700334732.6431344,0.11574506555636943,0.01072649648361459,-1.0056944667309364,0,-0.510587359289483,0.034277314090878835,0.007435402727620253,-0.9583977589582794
1700334732.679282,0.11261507415674665,0.016039132221872344,-1.010772449258415,0,-0.233397275616221,0.11585547276517073,-0.03436396391558175,-0.9400058286807632
1700334732.7105095,0.11067640892793754,0.024207916630559347,-1.0029660508030172,0,-0.233397275616221,0.11585547276517073,-0.03436396391558175,-0.9400058286807632
1700334732.7458127,0.10766385750509136,0.03406629060767878,-1.01214537284117,0,-0.40349336763812843,0.04802239032379102,0.015203398937605183,-0.9036391588782134
1700334732.7724435,0.10744811818426049,0.04483790754714961,-1.0053651487008115,0,-0.40349336763812843,0.04802239032379102,0.015203398937605183,-0.9036391588782134
1700334732.8066237,0.10700170338045147,0.05478761131156815,-1.011329995385973,0,-0.6279662539681194,0.0924889188049884,-0.03418159748904888,-0.9005952333590204
1700334732.839289,0.10501936052938195,0.0666213872368668,-1.0019307237194992,0,-0.3476233907313201,0.1671300119790316,-0.07974018057775101,-0.8618890353124465
1700334732.874033,0.10383953820404623,0.07739370403262084,-1.0083348016939777,0,-0.41541872695486354,0.1221859376227308,0.07400791351766306,-0.882841162395153
1700334732.909181,0.10374511507825128,0.08646502809837342,-1.0067422441395588,0,-0.41541872695486354,0.1221859376227308,0.07400791351766306,-0.882841162395153
1700334732.940258,0.10430167137412637,0.09412074063564874,-1.00635748536668,0,-0.6625210339609758,0.13924101603042982,-0.05806484083460567,-0.8132253455322467
1700334732.9755352,0.10489748213304345,0.10033031762728957,-1.0040334985878487,0,-0.3376127926862299,0.18978797516987655,-0.013359758521269567,-0.7787730004827002
1700334733.008879,0.10861884045509772,0.1095265215335095,-1.0092412804170259,0,-0.3376127926862299,0.18978797516987655,-0.013359758521269567,-0.7787730004827002
1700334733.0413125,0.10958788046330903,0.11587664746129492,-1.005715067989859,0,-0.5715793554903359,0.29893183985661226,-0.04837615477401397,-0.6698326583390702
1700334733.0770307,0.11209895353920005,0.11915870742521317,-1.013504164875621,0,-0.3310652748481754,0.20982068399856918,0.014736833031745602,-0.6825533263432471
1700334733.1070194,0.11432508064391156,0.12056516192245514,-1.0077906556050658,0,-0.3310652748481754,0.20982068399856918,0.014736833031745602,-0.6825533263432471
1700334733.1398377,0.11655512497788029,0.12264835109344385,-1.0032337612183237,0,-0.29168907781541087,0.31987263497288043,-0.03779241923535254,-0.5307402103693999
1700334733.1711438,0.11688997056026766,0.12393403109304238,-0.9974251738269432,0,-0.29168907781541087,0.31987263497288043,-0.03779241923535254,-0.5307402103693999
1700334733.2041583,0.12220957738907012,0.1271744973504882,-1.0062216656169667,0,-0.25993787717245176,0.2652992174216987,0.09389502799615838,-0.463274106633054
1700334733.240687,0.12459484397152208,0.12616664837607164,-1.003668353467561,0,-0.2607796839512584,0.34886238718723916,-0.09021953188062755,-0.4526260092692248
1700334733.2725835,0.1262380311227288,0.12699283043819407,-1.0000034555139925,0,-0.2607796839512584,0.34886238718723916,-0.09021953188062755,-0.4526260092692248
1700334733.3215182,0.1288653209936016,0.12410582926702984,-0.9984056135440753,0,-0.16640529315286828,0.32061979831272086,0.05228612669228688,-0.324190610638487
1700334733.3409152,0.13260786054843865,0.12155353981424635,-1.0123013599241348,0,-0.08809578354766709,0.2870489681649354,0.017599837371549385,-0.3470848908721306
1700334733.37148,0.1343300336989277,0.11417150220844402,-1.0032203985725117,0,-0.08809578354766709,0.2870489681649354,0.017599837371549385,-0.3470848908721306
1700334733.403099,0.13718960946624917,0.10748643264843483,-1.006041699839964,0,0.11915632354272479,0.37309652076004163,-0.04889887052283416,-0.24828995501717324
1700334733.4404283,0.14013082666773677,0.10057041549449712,-1.009239257067699,0,0.03880508517202039,0.30728709915037894,-0.039498396921515556,-0.24537883596039273
1700334733.4736395,0.14037952774423773,0.09338773614919547,-1.0069009138067315,0,0.2617533184275085,0.3215824943050883,-0.025240134861607318,-0.17391714924387955
1700334733.5058866,0.14330586811635718,0.08661496463142197,-1.013280013699514,0,0.2617533184275085,0.3215824943050883,-0.025240134861607318,-0.17391714924387955
1700334733.545967,0.14326588540893237,0.07808175157569922,-1.0075240057900325,0,0.0693876356048477,0.31934115317933526,-0.08831437785951116,-0.12648761077826287
1700334733.5761278,0.14380952041139403,0.06934592821602607,-1.0041598938407168,0,0.12932761820898894,0.23888682668874944,0.028767361804437522,-0.15060921864548615
1700334733.6065311,0.14480942889765375,0.062308922569499194,-1.014986097391828,0,0.12932761820898894,0.23888682668874944,0.028767361804437522,-0.15060921864548615
1700334733.6403108,0.14426743253980165,0.05601260034581994,-1.008448044013205,0,0.34974908185248466,0.28438582194791934,-0.10187589900272874,-0.07592714962272279
1700334733.6754694,0.14375887927417152,0.04992996721097727,-1.0140950554929247,0,0.09758643239776844,0.2269598482063759,0.03293225482214894,-0.07811151621156695
1700334733.7096312,0.14208538971442827,0.04630436029179958,-1.0100503638594804,0,0.09758643239776844,0.2269598482063759,0.03293225482214894,-0.07811151621156695
1700334733.742299,0.14087858944326231,0.04339808649367127,-1.0145176457917,0,0.20453785584004208,0.1788596672040489,-0.039710979725963394,-0.0895736116341949
1700334733.7721424,0.13912133982068767,0.040829584860316036,-1.0045320825039221,0,0.20453785584004208,0.1788596672040489,-0.039710979725963394,-0.0895736116341949
1700334733.8270574,0.13715332113921375,0.036702259618479185,-1.0111993511176658,0,-0.05510769068596855,0.23302824419965185,-0.011830548168238298,-0.05644139433350171
1700334733.8430655,0.13596208620856567,0.03242019971062608,-1.0110335945725328,0,-0.05510769068596855,0.23302824419965185,-0.011830548168238298,-0.05644139433350171
1700334733.8713777,0.13303679664098422,0.030265686432011548,-1.005428136519285,0,-0.05510769068596855,0.23302824419965185,-0.011830548168238298,-0.05644139433350171
1700334733.905562,0.13080627864665334,0.029008857318954306,-1.011986821729654,0,0.24972099319165722,0.05794551420368524,-0.02170542183914313,0.005914394211580156
1700334733.9403696,0.1273597898582685,0.02695626318476138,-1.0096984607063133,0,-0.004582913139640134,0.15865347908677743,-0.0864489420622915,-0.03169118836296381
1700334733.9714265,0.12536629354312007,0.027462083021244425,-1.0136246022807338,0,-0.004582913139640134,0.15865347908677743,-0.0864489420622915,-0.03169118836296381
1700334734.0023856,0.12202845902145178,0.026466594353984737,-1.011721133525043,0,0.005480000379034407,0.06256494537897439,-0.04933939622820934,-0.01763390509346438
1700334734.0394938,0.11897083678003036,0.02777632434426091,-1.0058465212678394,0,-0.008340051117928227,0.11394235332372107,-0.014588674718411344,-0.041129968722475554
1700334734.0728893,0.11637130426789331,0.02785790235668596,-1.012928005774182,0,-0.008340051117928227,0.11394235332372107,-0.014588674718411344,-0.041129968722475554
1700334734.1040533,0.11242174697851243,0.02767928175734425,-1.0125282052852296,0,-0.07586912873311885,0.04161304082728698,-0.043897061888185374,-0.044850041502262974
1700334734.1364818,0.10856928577505154,0.027202407685596213,-1.0129392495610552,0,-0.03244558838239448,0.08127342364678627,-0.0293413049644728,-0.020159905647526875
1700334734.1583092,0.10578086217611317,0.02752774653835429,-1.0162677306228716,0,-0.03244558838239448,0.08127342364678627,-0.0293413049644728,-0.020159905647526875
1700334734.2128808,0.1021800178381783,0.027243268592357466,-1.0211592832773155,0,-0.03298607176927896,-0.0027850340000303286,-0.07391469210751309,-0.019081672007052807
1700334734.239965,0.09799434384493262,0.027271849945562674,-1.0226530479166445,0,-0.028945389236516218,0.07356864832091378,-0.0963721508909782,-0.03139088110945897
1700334734.2728114,0.09338779367079678,0.02671485647671495,-1.0206476243628715,0,-0.028945389236516218,0.07356864832091378,-0.0963721508909782,-0.03139088110945897
1700334734.307793,0.08927810823099465,0.027949520212861848,-1.0229676579172258,0,-0.021522538133759143,-0.08184472053745476,-0.049595507166365294,-0.06502216989124165
1700334734.3381567,0.08447435907724357,0.02753987173682682,-1.0166132634680323,0,-0.07168412815775618,0.038168355868278395,-0.07946625641924568,-0.05651627840178237
1700334734.3698792,0.08225459812653967,0.026881819513049347,-1.0169372282090694,0,-0.07168412815775618,0.038168355868278395,-0.07946625641924568,-0.05651627840178237
1700334734.402673,0.07775208805349787,0.026102420815628698,-1.0219682578649676,0,-0.0069142163477200515,-0.05256067196877609,0.0065029733286403185,-0.02052511714707804
1700334734.4373343,0.07305278914010437,0.02503781187192553,-1.016899128294649,0,-0.013792296803601667,0.008216724510176271,-0.09965689973681516,-0.03150209997451868
1700334734.4717233,0.06931242895765115,0.025128981174077875,-1.0166187194295329,0,-0.013792296803601667,0.008216724510176271,-0.09965689973681516,-0.03150209997451868
1700334734.50618,0.06764889374373592,0.02557602585981081,-1.0170471587804202,0,-0.007141155110155985,-0.11261644299338049,0.0016081130431535168,-0.03181427124114086
1700334734.537605,0.06331648912710182,0.026064148090405803,-1.022877067393151,0,-0.04681637322875679,0.06823009272365503,-0.048103078221371214,-0.0365749285484396
1700334734.5745666,0.05979401295445719,0.024861068577051688,-1.0228595247601604,0,-0.048605070752366544,-0.011353045822888638,-0.10874782815614863,-0.027334804319677268
1700334734.6021147,0.05581311332768344,0.02533046769402027,-1.022258334051187,0,-0.048605070752366544,-0.011353045822888638,-0.10874782815614863,-0.027334804319677268
1700334734.6373713,0.051572096058541635,0.024930202449900945,-1.0157198167558839,0,-0.014007919263638702,-0.10985451934036829,-0.052899607801301,-0.08710206593858445
1700334734.6716704,0.04768307834753288,0.024909131691144396,-1.015563814783452,0,-0.014007919263638702,-0.10985451934036829,-0.052899607801301,-0.08710206593858445
1700334734.7042816,0.044576223551999215,0.02491295974849624,-1.0155726108799428,0,-0.022030586948433784,-0.14045479172996259,0.015673124930928248,-0.04581661770330486
1700334734.736796,0.041151791840303396,0.024534199379718992,-1.0127643318044215,0,-0.03373031631806516,-0.009530590509363654,-0.04072471861248971,-0.04083290033339639
1700334734.7746854,0.039044412997549176,0.023768552399850568,-1.0174988776281113,0,-0.022695626199219762,-0.023872848054448503,-0.00970238471712789,-0.06568552915530643
1700334734.8051574,0.0353909972331063,0.023711691310349066,-1.01915117870594,0,-0.022695626199219762,-0.023872848054448503,-0.00970238471712789,-0.06568552915530643
1700334734.8395705,0.03222135645444,0.02387505275471923,-1.0176734656259223,0,-0.009379762805488946,-0.0968376134895883,-0.10370561933575603,-0.0407099986085946
1700334734.8749566,0.028716631152955117,0.022687295984808953,-1.0178253832178101,0,-0.036717578591890246,-0.03192649304066972,-0.033707247666959164,-0.06373293971418187
1700334734.9051416,0.024183231188928865,0.021905268615840353,-1.0150694290475726,0,-0.036717578591890246,-0.03192649304066972,-0.033707247666959164,-0.06373293971418187
1700334734.937894,0.020616494445294876,0.02164325975083299,-1.012470819903554,0,0.02461534147320264,-0.17732628245389587,-0.017437289961862206,-0.069359483477118
1700334734.9759316,0.017490801992219075,0.021593636902224926,-1.0115775727786773,0,-0.022005091844806784,-0.06212593755661217,-0.010699525375040222,-0.06125794827846233
1700334735.006324,0.014204994066076178,0.021967343393997984,-1.0122447286162162,0,-0.022005091844806784,-0.06212593755661217,-0.010699525375040222,-0.06125794827846233
1700334735.0532758,0.011046765780101813,0.022032486039130814,-1.0028610266308315,0,-0.03856356806777537,-0.14995829521614912,-0.030062211853260228,-0.04137974873266935
1700334735.07647,0.008224035240976858,0.022393887306599133,-1.0059464014865784,0,-0.031529060004038476,-0.06708465386823474,0.07144850977996207,-0.069809099522112
1700334735.1023183,0.00564700745237537,0.023148653993400832,-1.0021253305227966,0,-0.031529060004038476,-0.06708465386823474,0.07144850977996207,-0.069809099522112
1700334735.1386683,0.003517547716775735,0.02370928821507992,-1.001569116279947,0,-0.061945054045044225,-0.13687471319865785,0.0006392414718653996,-0.0723922300832355
1700334735.1715522,0.0004747379999316861,0.024693978874479196,-1.0035546986068407,0,-0.061945054045044225,-0.13687471319865785,0.0006392414718653996,-0.0723922300832355
1700334735.2019079,-0.002362316533651831,0.025100479228750326,-0.995701315673094,0,-0.07583516946582604,-0.13937331601133823,-0.02130017083010719,-0.02756401830709065
1700334735.2394028,-0.004095340992998237,0.024653768366997078,-0.9921860525531231,0,-0.04505931555962602,-0.08084105805398013,0.0772682360397654,-0.053624124647302734
1700334735.2709508,-0.005831855349673474,0.026588468661473675,-1.0007180808544498,0,-0.04505931555962602,-0.08084105805398013,0.0772682360397654,-0.053624124647302734
1700334735.303949,-0.008274260613786182,0.029297466867517916,-0.9919166961103186,0,-0.07681509348887944,-0.10379285962488959,-0.04406547343765847,-0.0721424880025751
1700334735.338607,-0.010551088826815954,0.03045256420025489,-0.9917954456451177,0,-0.11405649568654183,-0.08004856918554623,0.09512030217176737,-0.05917799245841781
1700334735.368794,-0.012326607741692006,0.031150885820420488,-0.9857751470624828,0,-0.11405649568654183,-0.08004856918554623,0.09512030217176737,-0.05917799245841781
1700334735.4058554,-0.013787213460996492,0.031820097831163394,-0.9825229973271452,0,-0.09302449231035967,-0.13046567513358195,0.08878298360039405,-0.05029438445154095
1700334735.4392605,-0.014706449345215658,0.03357644873386952,-0.9882104552012055,0,-0.06135493161021559,-0.06267599754032069,0.0729725470514094,-0.08014903312604596
1700334735.4669788,-0.015841172458037248,0.03472837720510911,-0.9881146350895872,0,-0.06135493161021559,-0.06267599754032069,0.0729725470514094,-0.08014903312604596
1700334735.505141,-0.017133816117339273,0.03685712044390534,-0.9871066750956822,0,-0.12686802317348658,-0.08219625268701686,-0.01600011701999546,-0.06445183070232259
1700334735.5357091,-0.017516533494269345,0.03849106977233119,-0.9900964580354928,0,-0.10829926698946829,-0.06372978516362818,0.042133678878972444,-0.08017849701269675
1700334735.5726144,-0.019470667393319045,0.038164233129396145,-0.9813722585819851,0,-0.10829926698946829,-0.06372978516362818,0.042133678878972444,-0.08017849701269675
1700334735.60178,-0.020410600818662587,0.038285628486792164,-0.9814106222615647,0,-0.08746370698185599,-0.0959420374628612,0.09685229907777881,-0.07773345907287725
1700334735.6393952,-0.020994740080647636,0.03860561688314231,-0.9787123214639405,0,-0.05501321346915827,-0.05965995219806983,0.04820307310314653,-0.05877450785515507
1700334735.6698418,-0.020609820728122966,0.04114004484473984,-0.9813806313823062,0,-0.05501321346915827,-0.05965995219806983,0.04820307310314653,-0.05877450785515507
1700334735.704203,-0.020966919982794253,0.042719722128395345,-0.9809965965331805,0,-0.13404029486865415,-0.03992030926598224,0.04885622313419158,-0.04413259887534493
1700334735.740045,-0.020794247259968444,0.04513872045789251,-0.98025157381437,0,-0.10110941232092346,-0.04479698077277225,0.05283621749093315,-0.10511169257270873
1700334735.768751,-0.021514568888175534,0.046181381212936655,-0.9754125524459988,0,-0.10110941232092346,-0.04479698077277225,0.05283621749093315,-0.10511169257270873
1700334735.8026695,-0.021857894534331308,0.04728753984795452,-0.9752026376660737,0,-0.15754740500249387,-0.05087818822352675,0.11114488386816301,-0.0881929254284387
1700334735.836773,-0.02114014868450368,0.04867910217599864,-0.9718759329563369,0,-0.09424999194758568,-0.0459160983558264,0.06649641793565077,-0.09538983533762868
1700334735.8700497,-0.021140367162076148,0.05094844228382866,-0.971767588809977,0,-0.09424999194758568,-0.0459160983558264,0.06649641793565077,-0.09538983533762868
1700334735.905777,-0.02001788538625819,0.05326497126072127,-0.9778356189276826,0,-0.16946189495163752,-0.015965123208362717,0.10258664705020908,-0.05266771757040093
1700334735.9362626,-0.020236361445178368,0.05496196458941719,-0.9716415766078806,0,-0.13561017774900375,-0.003110701897315847,0.006825767061274073,-0.04838498372205709
1700334735.971718,-0.019356836707490246,0.057523101133352884,-0.9688632471415676,0,-0.13561017774900375,-0.003110701897315847,0.006825767061274073,-0.04838498372205709
1700334736.0081854,-0.018513957844943186,0.061237028738267446,-0.9773678342872653,0,-0.1947630498762915,-0.014508282290434837,0.156737026382879,-0.055834216171543834
1700334736.03785,-0.018559902812145403,0.06390277634143648,-0.9712243049504901,0,-0.1848069103888195,-0.008168862215254515,-0.012444572518794751,-0.07119199301571899
1700334736.0720122,-0.018568528980214053,0.06614405113764485,-0.9656543708123752,0,-0.1848069103888195,-0.008168862215254515,-0.012444572518794751,-0.07119199301571899
1700334736.1056113,-0.017630680451376446,0.0690150814730053,-0.9707465031535988,0,-0.2242471839377541,-0.03258116380769904,0.1881660582552017,-0.06305257080860834
1700334736.1401381,-0.01708005122211157,0.07074304217166597,-0.9710116655929197,0,-0.17212021586853962,-0.004115694624556392,0.03353849517815499,-0.08376545043707082
1700334736.1593738,-0.01651594044523788,0.07128742484995335,-0.9706870799291311,0,-0.17212021586853962,-0.004115694624556392,0.03353849517815499,-0.08376545043707082
1700334736.2085056,-0.015595592982055038,0.07294550872504335,-0.9702785591439034,0,-0.15871971424631515,0.002545253920581657,0.07701819587076984,-0.0738024292710523
1700334736.242865,-0.01522797074916046,0.07515766747869004,-0.9622287266428551,0,-0.1440618081944167,-0.001181201992687144,0.08102050901451946,-0.05024279941646878
1700334736.2731209,-0.014848701602614697,0.0781934039049507,-0.9702810395625414,0,-0.1440618081944167,-0.001181201992687144,0.08102050901451946,-0.05024279941646878
1700334736.307511,-0.014123571812786593,0.07966422968699556,-0.9621035060903442,0,-0.24988624206904367,-0.004630818801546366,0.07755751400519598,-0.07843799338981383
1700334736.3404331,-0.012794061284747539,0.08221683593480306,-0.9678655777906516,0,-0.14797934476946367,-0.0040059654820759315,0.16769806420294375,-0.05449150828839559
1700334736.3730564,-0.01224072736419436,0.08324324378541469,-0.9705283784706786,0,-0.14797934476946367,-0.0040059654820759315,0.16769806420294375,-0.05449150828839559
1700334736.4076262,-0.011567304114288877,0.083081831544041,-0.9621014244560521,0,-0.21079776792829064,0.03052186622182395,0.006079544121528169,-0.04367821384686924
1700334736.4399016,-0.010585555921295498,0.08446078053076851,-0.9698702509218204,0,-0.10769574292376757,-0.0011254643189952847,0.16980112486293109,-0.06073963052233958
1700334736.4691832,-0.009913080669241259,0.08482795812512374,-0.9651401297749269,0,-0.10769574292376757,-0.0011254643189952847,0.16980112486293109,-0.06073963052233958
1700334736.5051346,-0.008355538329159659,0.086736859463125,-0.9698501350669293,0,-0.16252125282074129,0.02822504523981135,0.06544269350379332,-0.027112342652407997
1700334736.5379555,-0.0077774949096458,0.08666046598498861,-0.9705290516451178,0,-0.16957497942044236,0.028213870714868937,0.039092062915547704,-0.056182323318294786
1700334736.5733726,-0.007148787829830113,0.08712054958730903,-0.9622489201720039,0,-0.12814038633379693,0.02072871891686525,0.1624716360493234,-0.026280221068729813
1700334736.6038785,-0.0069279534710231,0.08708787466592734,-0.9654666418557435,0,-0.12814038633379693,0.02072871891686525,0.1624716360493234,-0.026280221068729813
1700334736.6381502,-0.005365486987677283,0.08727908767628247,-0.9734658860796366,0,-0.11664374804907737,-0.005619710940293634,0.0630848387395174,-0.0577717952002819
1700334736.6720288,-0.00228387366732106,0.08510519618532554,-0.9681309967390274,0,-0.11664374804907737,-0.005619710940293634,0.0630848387395174,-0.0577717952002819
1700334736.7047877,-0.0017272989184717066,0.08385485503978926,-0.968221257989495,0,-0.06033092900390088,0.12202907428756249,0.060783621544025626,-0.03112394160629242
1700334736.7384357,-0.002579579511723443,0.0832966626091908,-0.9712848000771529,0,-0.07878701429808266,0.012189950005377367,0.08219613102778954,-0.010269462070226772
1700334736.7727935,-0.002178012256367028,0.08220417262183659,-0.9717918234989713,0,-0.07878701429808266,0.012189950005377367,0.08219613102778954,-0.010269462070226772
1700334736.8040485,-0.0010609057854021689,0.08106750847710066,-0.9718507639490632,0,-0.06554730119948662,-0.015862501986377977,0.04360616800358944,-0.02630488849746445
1700334736.8407142,-0.00029283915244628653,0.0798999604429383,-0.9718931700445248,0,-0.07815173222643634,0.028496568172599046,0.07298507660209234,-0.025798598659007483
1700334736.8728871,0.00022425554513782326,0.07892540985303306,-0.9807557501329677,0,-0.07815173222643634,0.028496568172599046,0.07298507660209234,-0.025798598659007483
1700334736.9076414,0.0019092787821775603,0.07805648138286679,-0.9866452196827865,0,-0.04760506092503536,0.03520350009573964,-0.02465574395373525,-0.02668360550938748
1700334736.9393961,0.0014252534860551321,0.07368322512760678,-0.9755753574291469,0,-0.08145208642206182,0.04886217168392428,-0.014669120373922338,-0.009286441676377424
1700334736.9734247,0.0018086152774202263,0.07070465064723044,-0.978441466469828,0,0.020840537602451067,-0.010729785935775456,0.15685562852006388,-0.014561365646798576
1700334737.005567,0.0025077068730070965,0.06858220710797708,-0.9839403031893469,0,0.020840537602451067,-0.010729785935775456,0.15685562852006388,-0.014561365646798576
1700334737.0395837,0.003074358024271946,0.06570462528222128,-0.9840610318015004,0,0.04774319671429786,0.03353489579868512,-0.02842696128875287,0.02722973384555153
1700334737.073279,0.005623037170187576,0.06361356908946349,-0.9875420260884926,0,0.04774319671429786,0.03353489579868512,-0.02842696128875287,0.02722973384555153
1700334737.1057043,0.004789818976453176,0.0623093093285869,-0.9908540766168381,0,0.05080812313718598,0.09384403831365518,0.00222980551678326,-0.007936775774559245
1700334737.1389313,0.0053617266337669615,0.06057981998369418,-0.9910628396959859,0,-0.048223905818122366,-0.014557266264643178,-0.003979826543979763,0.047107168637872836
1700334737.1749177,0.00519155064711419,0.057554905091775486,-0.9850101163571523,0,-0.0341932491113729,0.024479589624763258,0.021573865761965995,-0.010454790188501775
1700334737.205806,0.006224913535770815,0.055823485848066116,-0.9941004601569252,0,-0.0341932491113729,0.024479589624763258,0.021573865761965995,-0.010454790188501775
1700334737.2370381,0.006503790196660979,0.05363489017237121,-0.9914028231285408,0,0.05548276788545073,0.03381909521672055,-0.010146229270137605,0.01043312871349732
1700334737.2690184,0.006505192909623334,0.051319732996151834,-0.9915132688498042,0,0.05548276788545073,0.03381909521672055,-0.010146229270137605,0.01043312871349732
1700334737.3013034,0.0067039299064807585,0.049126062056892,-0.9916727018099731,0,0.0546139823198481,0.018491769155022347,0.04391204188735912,0.0038366410484535264
1700334737.3408287,0.007074842548177795,0.04726449138300617,-0.9916028198695073,0,-0.005966333102906209,0.016614855208191472,0.02039674800022518,0.025581161276470123
1700334737.3699014,0.007106608348055325,0.04641456320827957,-0.9939086812803469,0,-0.005966333102906209,0.016614855208191472,0.02039674800022518,0.025581161276470123
1700334737.4207852,0.006706662832200431,0.04449684625110797,-0.9919045390023362,0,0.01193675136771856,0.022816154749663434,-0.002903808960061236,0.030406176523693262
1700334737.4406514,0.006928176386593224,0.042744001858553496,-0.9923881659222781,0,-0.007308670761158237,0.0003951367642680958,0.03798722794637163,0.00850406783093649
1700334737.4676282,0.006707550253432333,0.04030708293225912,-0.992057882978247,0,-0.007308670761158237,0.0003951367642680958,0.03798722794637163,0.00850406783093649
1700334737.5046165,0.006708358258975058,0.03914988186689118,-0.9921191129566174,0,0.06084116001458631,0.01125919578988369,0.019442479436173887,0.018567033015056477
1700334737.5400248,0.008351673054943054,0.038093685387823914,-0.9977398135071306,0,-0.021010623051732555,0.011258397033991065,0.020057323419951593,0.017178975569049876
1700334737.57104,0.007990523793562928,0.036934009460350734,-0.9969499597523015,0,-0.021010623051732555,0.011258397033991065,0.020057323419951593,0.017178975569049876
1700334737.6024227,0.006206897144683216,0.03770867261407112,-1.0007058905943735,0,0.011099953845666179,0.0481308133415492,-0.032665596489111354,0.02186583190702579
1700334737.6390038,0.007867239289522822,0.03709433542428546,-0.9888579784154007,0,-0.07220328013344471,-0.037939729467295805,-0.03343003518937855,0.025268992298626166
1700334737.6686497,0.006374081269571303,0.03714639871353439,-1.000933033308931,0,-0.07220328013344471,-0.037939729467295805,-0.03343003518937855,0.025268992298626166
1700334737.7029042,0.006114933041924299,0.03571533272264567,-0.9983857927466832,0,-0.03467058843549405,0.015207275910999084,-0.004345860379061959,0.046822526890977954
1700334737.741568,0.005789502135372271,0.03398373285461058,-0.992555908708386,0,-0.008842083430369706,0.003219595875989382,0.025636019742562844,0.015206737842739822
1700334737.770982,0.0059485005525349004,0.032640319545210586,-0.9982072376641395,0,-0.008842083430369706,0.003219595875989382,0.025636019742562844,0.015206737842739822
1700334737.8016596,0.005538220936046672,0.03279227138474479,-0.9982049350195599,0,0.04052667316835863,0.005453417963043268,0.0061814750457218695,0.056545599207368305
1700334737.8401585,0.006273320905574708,0.032857130578557554,-0.9969880149492941,0,-0.04843931598621784,-0.001842057538952802,0.004705202865856001,0.04273826153043349
1700334737.8971295,0.004652308146532829,0.03166797873949443,-0.9926674491974765,0,-0.04613128612689304,0.030429021691047393,0.018096783567297565,0.030799357774230054
1700334737.9115012,0.0037141795174360955,0.03135348026144934,-1.0018063749535104,0,-0.04613128612689304,0.030429021691047393,0.018096783567297565,0.030799357774230054
1700334737.9373524,0.003248985924416881,0.029294411161091757,-0.9983014048338142,0,-0.0009583866864995502,-0.06313148092685095,-0.04523776881410285,0.04304336983573844
1700334737.9708428,0.002376900340546242,0.028193799638133402,-0.9928280066422827,0,-0.0009583866864995502,-0.06313148092685095,-0.04523776881410285,0.04304336983573844
1700334738.0026133,0.003196015323726274,0.028195834697283498,-0.9981209090685349,0,0.04885700385333946,-0.03225895762330007,0.09422984895841097,0.039504116055608475
1700334738.0593498,0.0007041558448099643,0.025151692436795776,-0.9959536678783127,0,-0.03811189442790606,0.027551341711420367,-0.03960813043728487,0.04267907556148961
1700334738.075466,0.000799878780532827,0.021568940234946106,-0.9983846984494306,0,0.049784937735032,-0.0663499308385753,0.02878904378022076,0.07016683059233517
1700334738.1058228,-0.00044052351512537,0.018615678478302932,-0.9957678819751191,0,0.049784937735032,-0.0663499308385753,0.02878904378022076,0.07016683059233517
1700334738.142425,-0.00034172126251326196,0.016912274166708065,-0.9986465319242598,0,0.1546540187001387,-0.03175868754208255,0.01260998033800744,0.058224502404588145
1700334738.1587133,-0.002301609982665364,0.01720949306852592,-0.9934661756133553,0,0.1546540187001387,-0.03175868754208255,0.01260998033800744,0.058224502404588145
1700334738.2282045,-0.0028081111460829676,0.0177203405521968,-1.0005874078222488,0,-0.023227652794589434,-0.0038551967209644847,0.017055895178897423,0.05639569741423464
1700334738.241115,-0.002369852722550621,0.018785457510419806,-0.9992240170989111,0,-0.023227652794589434,-0.0038551967209644847,0.017055895178897423,0.05639569741423464
1700334738.271156,-0.0049876784221097705,0.0184516359741918,-0.9993335091378748,0,-0.023227652794589434,-0.0038551967209644847,0.017055895178897423,0.05639569741423464
1700334738.305708,-0.005665041198652259,0.017703512980118675,-1.0045840058052304,0,-0.05907055583761238,-0.08114681606597728,-0.04760446719471742,0.05632213188487883
1700334738.349327,-0.006431620842246105,0.015291096229518823,-0.9995855518719097,0,-0.003316560394290763,-0.027845475252043964,-0.05612276572643467,0.04406149559212258
1700334738.374795,-0.007399952041515102,0.013772799286014265,-1.0018577583898134,0,0.045717542561017975,-0.031547273252155464,0.04311887297279465,0.049439215609310194
1700334738.4088845,-0.007409811302197201,0.012636264577130326,-1.0082557891991972,0,0.045717542561017975,-0.031547273252155464,0.04311887297279465,0.049439215609310194
1700334738.4399412,-0.009679154451248187,0.01049538709376914,-1.0044049532877586,0,0.0559686331308452,-0.038920395395855005,-0.09446760804807278,0.034120904906000796
1700334738.4737146,-0.010876926044737025,0.009293062985798546,-1.0032610565977556,0,0.07941525585923963,-0.11217766064776373,0.033493039035343404,0.029353520282482445
1700334738.5067334,-0.011986161184364357,0.008520938520839018,-0.9941559057765758,0,0.07941525585923963,-0.11217766064776373,0.033493039035343404,0.029353520282482445
1700334738.5395083,-0.012747270010795814,0.007957327965732161,-1.002978668959958,0,0.00973734481160036,-0.05013709226771101,0.09182974196694875,0.04369894087673588
1700334738.5722039,-0.013054912480513303,0.007572350051357195,-1.0063490642696862,0,0.00973734481160036,-0.05013709226771101,0.09182974196694875,0.04369894087673588
1700334738.6060214,-0.01389738961849383,0.007956778245722872,-1.0029488646446014,0,0.01587147357725023,-0.0508301385304962,-0.11911806029664745,0.03774829181927639
1700334738.6365147,-0.015047474138183262,0.007956262658059562,-1.0029188797396313,0,-0.021313345512474477,-0.04610925805024946,0.02089796257869523,0.03004905098265565
1700334738.6712313,-0.01564885403446528,0.008140451275507702,-0.9965935522513449,0,-0.021313345512474477,-0.04610925805024946,0.02089796257869523,0.03004905098265565
1700334738.7178638,-0.016217837553650645,0.00827850121397971,-0.9974242055713631,0,-0.016039277443814268,-0.07367651618055568,0.06234036843037621,0.0018808486167138719
1700334738.737223,-0.01654260588087906,0.0076863139126083415,-1.0000954839315979,0,-0.014970694696119464,-0.04258433127228818,-0.000261940644839323,0.047449535468468744
1700334738.7726367,-0.017324406278174564,0.006548169509873345,-1.0001655011423816,0,-0.014970694696119464,-0.04258433127228818,-0.000261940644839323,0.047449535468468744
1700334738.806987,-0.017551886324477232,0.006644477809150499,-1.0011768455745744,0,0.0387564394656736,-0.059006392950540595,-0.023486319934337842,0.032894669662762485
1700334738.8381078,-0.01828371185983978,0.008069233084045562,-1.003471512070972,0,-0.01161710777892783,-0.035564118848301685,-0.011577444362611052,0.01959035645094899
1700334738.8922212,-0.018627749682101666,0.008197079254368663,-1.008107865853326,0,-0.0500803624847999,-0.05045768937355668,-0.028360180344769698,0.059503826083392546
1700334738.9057539,-0.019075099689953735,0.008539173501738228,-1.0029529686199639,0,-0.0500803624847999,-0.05045768937355668,-0.028360180344769698,0.059503826083392546
1700334738.9342942,-0.019219217429041535,0.009142946263357678,-1.0032760903696254,0,-0.02445150360435054,-0.05339740217676067,-0.003347478862574583,-0.007439817585948253
1700334738.9697683,-0.019219217429041535,0.009142946263357678,-1.0032760903696254,0,-0.02445150360435054,-0.05339740217676067,-0.003347478862574583,-0.007439817585948253
1700334739.0039613,-0.01942377870416284,0.009428263378564469,-1.00893115578452,0,-0.028947608152758462,-0.03609777992292397,-0.011269360215523655,0.050749552908459034
1700334739.0373685,-0.019465421967385876,0.010663876780026876,-1.0062934738713893,0,-0.020573259652926442,-0.03807843988526007,-0.07087298919917434,0.016263403131958933
1700334739.0754921,-0.019594027796624603,0.010600794308763248,-1.0157840355551677,0,-0.04837981671062723,-0.03373311422871568,0.00575442069555385,0.06369507677528724
1700334739.1060688,-0.019796267749949078,0.010652917686001745,-1.0094377273482775,0,-0.04837981671062723,-0.03373311422871568,0.00575442069555385,0.06369507677528724
1700334739.137983,-0.01901265756824625,0.012383290188604299,-1.0159871322171725,0,-0.0140768021605413,-0.042124669188627464,-0.051079415210573256,0.016542533441898932
1700334739.1726365,-0.020394395769545062,0.013427126592883516,-1.005382803850828,0,-0.0140768021605413,-0.042124669188627464,-0.051079415210573256,0.016542533441898932
1700334739.2044122,-0.019796274607936926,0.01418264351012243,-1.0092018448274813,0,-0.09442998295510488,-0.05036988224503916,0.020050635441350197,0.0014304679195609599
1700334739.2383308,-0.020034639252543358,0.014958865258423729,-1.010617636403539,0,-0.03992356227118582,-0.016949676488713847,-0.0561386303513125,0.045275637391196236
1700334739.2752204,-0.020404679597429667,0.015329433149401335,-1.006671105321455,0,-0.04154073584807001,-0.04001770261684444,-0.039623085222444135,-0.010794387647427094
1700334739.3034277,-0.0198326124773934,0.016293070483766898,-1.0122827638390945,0,-0.04154073584807001,-0.04001770261684444,-0.039623085222444135,-0.010794387647427094
1700334739.3390982,-0.0198326124773934,0.016293070483766898,-1.0122827638390945,0,-0.05868940616022939,-0.027744700293070055,-0.046066648458593894,0.02634309953991376
1700334739.3704088,-0.019393079747834968,0.017179971176567492,-1.0175020212236816,0,-0.05868940616022939,-0.027744700293070055,-0.046066648458593894,0.02634309953991376
1700334739.407145,-0.019571408906690995,0.018006902342777544,-1.0033055775656678,0,-0.04758289755318629,-0.02057207160659011,-0.08958123080667565,0.03534023197870674
1700334739.4380329,-0.019616985599226828,0.019951898637656035,-1.012679840776628,0,-0.04704948474982054,-0.03761483012370575,0.11076321148647635,0.025560167056617438
1700334739.4728804,-0.017999688651903108,0.021079361405684803,-1.0179740308455862,0,-0.04704948474982054,-0.03761483012370575,0.11076321148647635,0.025560167056617438
1700334739.505507,-0.019213739295069275,0.022108123029109306,-1.018586656781306,0,-0.11296187307357984,0.01244414041281404,-0.17028110220343198,0.02270542830798319
1700334739.5401146,-0.01948181303330723,0.02246026292741839,-1.0140860258863986,0,-0.05813645086630319,-0.06508378574904418,-0.053670792981324336,0.043753314424449
1700334739.5705783,-0.019036744289254337,0.02342292348807532,-1.0123720730318744,0,-0.05813645086630319,-0.06508378574904418,-0.053670792981324336,0.043753314424449
1700334739.6064522,-0.01927881626378075,0.02500332695144115,-1.0152458754646485,0,-0.06777882125617449,-0.02708998202691619,0.019968589890315087,0.013617465477103564
1700334739.6360292,-0.01863296838447784,0.026269447397090778,-1.018497523089375,0,-0.07721756804970062,-0.03885216775149859,-0.06396651177254889,0.04410369352543381
1700334739.6710243,-0.018672052446860633,0.026913531476426576,-1.0116837970765225,0,-0.07721756804970062,-0.03885216775149859,-0.06396651177254889,0.04410369352543381
1700334739.705923,-0.018668350171215313,0.027733196906200342,-1.0207802451039616,0,-0.08886727909798206,-0.014832388409956359,-0.000542304644414078,0.002874394835306309
1700334739.7365203,-0.01845543650632051,0.02939515350779063,-1.01213273009676,0,-0.059977213175655804,-0.031169154866797468,-0.1307458797301445,0.019889571442700576
1700334739.7707827,-0.019063784693747924,0.030814017243436385,-1.0148456215165953,0,-0.059977213175655804,-0.031169154866797468,-0.1307458797301445,0.019889571442700576
1700334739.8041685,-0.019096049226596513,0.03307116969209314,-1.0185343545233547,0,-0.12633072326948067,-0.04264811492266153,0.01115717396283017,0.031515073492182716
1700334739.8360202,-0.01765315446520795,0.032963837856401876,-1.0119302341560559,0,-0.10672139298617074,-0.032860251294745915,-0.07940432363461195,0.02278291371737306
1700334739.869373,-0.01767926149170994,0.03265982896931936,-1.0156140505940872,0,-0.10672139298617074,-0.032860251294745915,-0.07940432363461195,0.02278291371737306
1700334739.9005704,-0.01767926149170994,0.03265982896931936,-1.0156140505940872,0,-0.0327666332392749,0.00878218461681202,-0.0161991616256649,0.004254617352444184
1700334739.9382107,-0.01706613362010951,0.03340452496228736,-1.0183191071292368,0,-0.04408097115989034,-0.029612762998614147,-0.04075891767080512,0.014155238158409507
1700334739.9696403,-0.01706613362010951,0.03340452496228736,-1.0183191071292368,0,-0.04408097115989034,-0.029612762998614147,-0.04075891767080512,0.014155238158409507
1700334740.0008206,-0.01752251600079432,0.03477708614432721,-1.023778819933321,0,-0.06556969532417695,-0.011970008493311809,-0.07056972271076811,0.020268050706562332
1700334740.0389934,-0.017672553081556578,0.03432311885768546,-1.0211352671404499,0,-0.08469230104218653,-0.041718176817888884,-0.10798841623629038,0.01764291369600031
1700334740.0690193,-0.016396849520572424,0.03506448029668371,-1.0272212165151955,0,-0.08469230104218653,-0.041718176817888884,-0.10798841623629038,0.01764291369600031
1700334740.1001987,-0.0174663856974652,0.03458469543096617,-1.018044136244018,0,-0.05523159261115185,0.0030408386670546204,-0.10000881884482997,0.03170576908592447
1700334740.1371036,-0.017653191880176704,0.03414390433008837,-1.0118620485605647,0,-0.03348200090674849,-0.058240626437048484,0.030076831829217922,0.010156371201191679
1700334740.1578352,-0.01844247282098336,0.03445878527262118,-1.0175845249770896,0,-0.03348200090674849,-0.058240626437048484,0.030076831829217922,0.010156371201191679
1700334740.201531,-0.0182347726180821,0.03459169046012308,-1.0182254938330302,0,-0.04304573766701952,-0.05734310302248921,-0.042037313245326946,0.0007911554305582522
1700334740.2341485,-0.01846982206301862,0.034741484080603346,-1.0196139016471921,0,-0.05034409470145534,-0.024914568636663373,-0.05296637718020209,0.02546301903127314
1700334740.2699063,-0.018234884482060572,0.03577936027625674,-1.0181583284193003,0,-0.05034409470145534,-0.024914568636663373,-0.05296637718020209,0.02546301903127314
1700334740.3257937,-0.018235561072956975,0.03401926203314266,-1.0118007829234348,0,-0.04829140256486372,-0.03054343150745146,-0.047400500505741544,0.017306950807228296
1700334740.3404994,-0.01788366456658681,0.034141214881349705,-1.0194508390003865,0,-0.04829140256486372,-0.03054343150745146,-0.047400500505741544,0.017306950807228296
1700334740.3692918,-0.016496392834261884,0.034485361285092136,-1.0208556290494064,0,-0.04829140256486372,-0.03054343150745146,-0.047400500505741544,0.017306950807228296
1700334740.4048097,-0.01848311035590779,0.033776677399906994,-1.0148553284929174,0,-0.010952155875515193,0.01948166565795579,-0.07712583236976273,0.017864697065933965
1700334740.4375927,-0.01649744520206994,0.03329448343957787,-1.020924207931181,0,-0.026095322540751947,-0.0847992546827496,0.011684178182161276,-0.0009567091424873934
1700334740.4724555,-0.017465736470742683,0.0322092015918188,-1.0181794355850016,0,-0.026095322540751947,-0.0847992546827496,0.011684178182161276,-0.0009567091424873934
1700334740.5066214,-0.017856984963811322,0.031486523257519064,-1.017590973811634,0,-0.0003577698112040145,-0.001684276300519611,-0.07541133929551616,0.026257848121769484
1700334740.5372026,-0.016036106916996265,0.0305495197714424,-1.0180515741520062,0,-0.02261937017742488,-0.040513283976544065,-0.04097051452386805,0.034784307431368414
1700334740.569968,-0.017647537705819026,0.02924417320296742,-1.0184009901763937,0,-0.02261937017742488,-0.040513283976544065,-0.04097051452386805,0.034784307431368414
1700334740.606784,-0.017497099817190737,0.028924978856109142,-1.0207495751296296,0,0.02220722002845242,-0.023883604965655655,-0.054846182384087686,0.04230756248064849
1700334740.637721,-0.01787896837030987,0.027790216298015778,-1.021606168280976,0,-0.030260284257406754,-0.02523077541196786,-0.07391629037509875,0.004100681361320338
1700334740.6686847,-0.017496581610824954,0.02654299106880379,-1.0208758536293556,0,-0.030260284257406754,-0.02523077541196786,-0.07391629037509875,0.004100681361320338
1700334740.7086792,-0.017653073071369974,0.025883005162632946,-1.012352554014068,0,0.029693881032056522,-0.029292730805619067,-0.05555633049676573,0.018984523340665107
1700334740.7374673,-0.016040621052154036,0.025800963170940508,-1.0183371126168772,0,-0.01678071973287042,-0.03380981597531476,0.03943584276624474,0.04626292878653064
1700334740.7702057,-0.01748174844411439,0.025489345065421557,-1.0169535126423666,0,-0.01678071973287042,-0.03380981597531476,0.03943584276624474,0.04626292878653064
1700334740.8053532,-0.017481985549994274,0.02667555865744721,-1.0168904431780894,0,-0.023574954400903014,-0.024639031245265255,-0.08294951146562367,0.009267785959877367
1700334740.8379533,-0.017856177982946583,0.026738245113230533,-1.017859426684446,0,-0.0686319925822141,-0.029288751365585293,-0.043560398677513816,0.021030468548109384
1700334740.8715599,-0.01641235523936372,0.027580149284503804,-1.0126244587295783,0,-0.0686319925822141,-0.029288751365585293,-0.043560398677513816,0.021030468548109384
1700334740.9074464,-0.01787559607248725,0.028144477584936965,-1.0121132223948692,0,-0.06210659727711347,0.001496286392153795,0.0029220421442873318,0.03349518551471924
1700334740.9441934,-0.01787559607248725,0.028144477584936965,-1.0121132223948692,0,-0.05350901562810392,-0.0695954499990638,-0.027320858164663397,0.020699123788264606
1700334740.9781888,-0.017113970881740652,0.028982741510679203,-1.0084497327972117,0,-0.037986601396389416,-0.029941623421416142,-0.031620355739566626,0.023972576030198988
1700334741.012476,-0.018117928815742874,0.02735551431866288,-1.0087928759129987,0,-0.037986601396389416,-0.029941623421416142,-0.031620355739566626,0.023972576030198988
1700334741.0441074,-0.017511313442089536,0.026914102116995593,-1.0117122430290098,0,-0.01522051407376437,-0.036914748108596754,0.00497119062923922,0.005544238059628668
1700334741.0735295,-0.015936540873345558,0.025907296825881502,-1.0112071448196003,0,-0.01522051407376437,-0.036914748108596754,0.00497119062923922,0.005544238059628668
1700334741.1019404,-0.017482640547969015,0.02594540918864314,-1.008512436508481,0,0.004867591830552374,0.032421907276113465,-0.04955913234160376,0.04230173015398583
