Time,X_vel_uav,Y_vel_uav,Z_vel_uav,R_vel_uav,X_cmd_vel,Y_cmd_vel,Z_cmd_vel,R_cmd_vel
180.00897979736328,-0.0209999999999999,-0.313,-0.018,-0.0034800991415977,0.0,-0.0,-0.0,0.0
180.06049418449402,-0.0209999999999999,-0.254,-0.0349999999999999,-0.0168452113866806,0.0,-0.0,-0.0,0.0
180.16284012794495,-0.0209999999999999,-0.254,-0.0349999999999999,-0.0029154464136809,0.0,-0.0,-0.0,0.0
180.26611185073853,0.008,-0.193,0.013,-0.0297820270061492,0.0,-0.0,-0.0,0.0
180.3694360256195,0.008,-0.193,0.013,0.0083248643204569,0.0,-0.0,-0.0,0.0
180.4204967021942,0.022,-0.153,0.049,0.0022210581228137,0.0,-0.0,-0.0,0.0
180.52256059646606,0.022,-0.153,0.049,-0.0105862515047192,0.0,-0.0,-0.0,0.0
180.62513327598572,0.001,-0.023,0.022,-0.0006671040318906,0.0,-0.0,-0.0,0.0
180.72769856452942,0.001,-0.023,0.022,0.0072922138497233,0.0,-0.0,-0.0,0.0
180.83111119270325,0.006,0.02,0.013,-0.0029456887859851,0.0,-0.0,-0.0,0.0
180.93401408195496,0.006,0.02,0.013,-0.0121801709756255,0.0,-0.0,-0.0,0.0
181.03566718101501,0.004,0.0289999999999999,-0.043,0.0072492444887757,0.0,-0.0,-0.0,0.0
181.1383833885193,0.004,0.0289999999999999,-0.043,-0.0073173069395124,0.0,-0.0,-0.0,0.0
181.24115777015686,-0.018,0.044,-0.0409999999999999,0.001720581902191,0.0,-0.0,-0.0,0.0
181.34503626823425,-0.018,0.044,-0.0409999999999999,-0.0129627920687198,0.0,-0.0,-0.0,0.0
181.44775319099426,-0.002,0.0409999999999999,-0.037,-0.0006188325351104,0.0,-0.0,-0.0,0.0
181.54888224601746,-0.002,0.0409999999999999,-0.037,0.0055698323994874,0.0,-0.0,-0.0,0.0
181.65275263786316,-0.012,0.026,-0.052,-0.0025276998057961,0.0,-0.0,-0.0,0.0
181.75514459609985,-0.012,0.026,-0.052,0.0009521013125777,0.0,-0.0,-0.0,0.0
181.85642170906067,-0.013,0.006,-0.052,0.0118591990321874,0.0,-0.0,-0.0,0.0
181.95889139175415,-0.013,0.006,-0.052,-0.0104507263749837,0.0,-0.0,-0.0,0.0
182.06136918067932,-0.034,-0.016,-0.059,-0.0024950890801846,0.0,-0.0,-0.0,0.0
182.1639506816864,-0.034,-0.016,-0.059,0.0086202751845121,0.0,-0.0,-0.0,0.0
182.2662513256073,-0.005,-0.026,-0.031,0.0046317651867866,0.0,-0.0,-0.0,0.0
182.36781311035156,-0.005,-0.026,-0.031,-0.0197301916778087,0.0,-0.0,-0.0,0.0
182.41893362998962,-0.006,-0.036,-0.0,0.0183713845908641,0.0,-0.0,-0.0,0.0
182.52126717567444,-0.006,-0.036,-0.0,0.0062239477410912,0.0,-0.0,-0.0,0.0
182.62291288375854,0.0,-0.008,0.04,0.0002869311138056,0.0,-0.0,-0.0,0.0
182.72706699371338,0.0,-0.008,0.04,-0.0060032620094716,0.0,-0.0,-0.0,0.0
182.8267912864685,0.02,-0.011,0.02,0.0070280283689498,0.0,-0.0,-0.0,0.0
182.93002820014954,0.02,-0.011,0.02,0.0053372755646705,0.0,-0.0,-0.0,0.0
183.0313425064087,0.01,-0.036,0.027,-0.0066423756070435,0.0,-0.0,-0.0,0.0
183.13524460792542,0.01,-0.036,0.027,-0.0084828417748212,0.0,-0.0,-0.0,0.0
183.23656725883484,0.016,-0.014,0.023,0.0079409135505557,0.0,-0.0,-0.0,0.0
183.34048414230347,0.016,-0.014,0.023,0.0059742731973528,0.0,-0.0,-0.0,0.0
183.44220566749573,-0.001,-0.01,-0.0,0.0147523190826177,0.0,-0.0,-0.0,0.0
183.54362630844116,-0.001,-0.01,-0.0,-0.0110168345272541,0.0,-0.0,-0.0,0.0
183.64681792259216,-0.033,-0.003,-0.0349999999999999,0.0030114073306322,0.0,-0.0,-0.0,0.0
183.74969458580017,-0.033,-0.003,-0.0349999999999999,-0.0044948486611247,0.0,-0.0,-0.0,0.0
183.85124826431274,-0.037,-0.005,-0.052,0.0075991232879459,0.0,-0.0,-0.0,0.0
183.95455241203308,-0.037,-0.005,-0.052,0.0020982003770768,0.0,-0.0,-0.0,0.0
184.05533981323242,-0.036,0.007,-0.056,-0.0036942944861948,0.0,-0.0,-0.0,0.0
184.15787935256958,-0.036,0.007,-0.056,0.0021701571531593,0.0,-0.0,-0.0,0.0
184.25966095924377,-0.039,-0.005,-0.0819999999999999,-0.0029950975440442,0.0,-0.0,-0.0,0.0
184.36207818984985,-0.039,-0.005,-0.0819999999999999,-0.0093987919390201,0.0,-0.0,-0.0,0.0
184.46612811088562,-0.027,-0.012,-0.026,0.0018234706949442,0.0,-0.0,-0.0,0.0
184.56723475456238,-0.027,-0.012,-0.026,0.0080142263323068,0.0,-0.0,-0.0,0.0
184.6194884777069,-0.012,-0.011,-0.001,-0.0048244856297969,0.0,-0.0,-0.0,0.0
184.72015190124512,-0.012,-0.011,-0.001,0.0212530195713043,0.0,-0.0,-0.0,0.0
184.82277536392212,-0.004,-0.005,0.013,0.0059542967937886,0.0,-0.0,-0.0,0.0
184.9244568347931,-0.004,-0.005,0.013,0.017224995419383,0.0,-0.0,-0.0,0.0
185.02528619766235,0.002,0.002,-0.003,0.0220539718866348,0.0,-0.0,-0.0,0.0
185.1275761127472,0.002,0.002,-0.003,-0.007106449920684,0.0,-0.0,-0.0,0.0
185.23048377037048,-0.031,-0.006,0.006,0.0063779829069972,0.0,-0.0,-0.0,0.0
185.33393669128418,-0.031,-0.006,0.006,-0.0039481380954384,0.0,-0.0,-0.0,0.0
185.43582940101624,-0.007,0.016,0.004,0.005915748886764,0.0,-0.0,-0.0,0.0
185.5394184589386,-0.007,0.016,0.004,-0.0005711839185096,0.0,-0.0,-0.0,0.0
185.6416985988617,-0.009,0.015,0.012,-0.0070935953408479,0.0,-0.0,-0.0,0.0
185.74402379989624,-0.009,0.015,0.012,-3.909505903720856e-05,0.0,-0.0,-0.0,0.0
185.8456084728241,0.014,0.015,0.017,-0.0012220682110637,0.0,-0.0,-0.0,0.0
185.9479217529297,0.014,0.015,0.017,0.0030259895138442,0.0,-0.0,-0.0,0.0
186.0494029521942,0.011,0.005,0.015,0.0059932116419076,0.0,-0.0,-0.0,0.0
186.15131855010986,0.011,0.005,0.015,0.00477732764557,0.0,-0.0,-0.0,0.0
186.25312638282776,-0.009,-0.002,0.005,0.0063586961477994,0.0,-0.0,-0.0,0.0
186.35541367530823,-0.009,-0.002,0.005,0.0048951981589198,0.0,-0.0,-0.0,0.0
186.45786046981812,-0.011,0.006,-0.002,-0.0007587051950395,0.0,-0.0,-0.0,0.0
186.55930924415588,-0.011,0.006,-0.002,0.0017787072574719,0.0,-0.0,-0.0,0.0
186.6636986732483,0.003,-0.002,-0.004,0.0194549690932035,0.0,-0.0,-0.0,0.0
186.76533961296082,0.003,-0.002,-0.004,-0.0096402075141668,0.0,-0.0,-0.0,0.0
186.86719012260437,-0.006,-0.005,0.01,0.0081347143277525,0.0,-0.0,-0.0,0.0
186.91880536079407,-0.006,-0.005,0.01,0.00914251152426,0.0,-0.0,-0.0,0.0
187.02068901062012,-0.01,0.0,0.0209999999999999,0.0079681798815727,0.0,-0.0,-0.0,0.0
187.12318921089172,-0.01,0.0,0.0209999999999999,-0.0069449162110686,0.0,-0.0,-0.0,0.0
187.22514486312866,-0.015,-0.003,0.03,0.011454040184617,0.0,-0.0,-0.0,0.0
187.32768845558167,-0.015,-0.003,0.03,0.0071818609721958,0.0,-0.0,-0.0,0.0
187.43034410476685,0.0,-0.007,0.037,-0.0006240643560886,0.0,-0.0,-0.0,0.0
187.53317880630493,0.0,-0.007,0.037,-0.0121008548885583,0.0,-0.0,-0.0,0.0
187.63640427589417,0.009,0.0289999999999999,0.025,0.0041097369976341,0.0,-0.0,-0.0,0.0
187.73895859718323,0.009,0.0289999999999999,0.025,0.0016561588272452,0.0,-0.0,-0.0,0.0
187.8406867980957,-0.003,0.025,-0.002,-0.0154357217252254,0.0,-0.0,-0.0,0.0
187.9428870677948,-0.003,0.025,-0.002,0.0048541533760726,0.0,-0.0,-0.0,0.0
188.04596042633057,-0.002,-0.003,-0.015,-0.0137504525482654,0.0,-0.0,-0.0,0.0
188.1491997241974,-0.002,-0.003,-0.015,0.0115129128098487,0.0,-0.0,-0.0,0.0
188.25104999542236,0.02,0.001,-0.028,0.0164424031972885,0.0,-0.0,-0.0,0.0
188.35338616371155,0.02,0.001,-0.028,-0.0097289178520441,0.0,-0.0,-0.0,0.0
188.40363907814026,0.02,0.001,-0.028,-0.0097289178520441,-0.0,0.0,0.0,0.5
188.4550039768219,0.031,-0.007,-0.0349999999999999,-0.003939620219171,-0.0,0.0,0.0,0.5
188.55777096748352,0.031,-0.007,-0.0349999999999999,0.4596145749092102,-0.0,0.0,0.0,0.5
188.65975046157837,0.018,0.004,-0.039,0.5016136765480042,-0.0,0.0,0.0,0.5
188.7624387741089,0.018,0.004,-0.039,0.5010986924171448,-0.0,0.0,0.0,0.5
188.86564469337463,0.009,-0.024,-0.043,0.5110372304916382,-0.0,0.0,0.0,0.5
188.96785306930542,0.009,-0.024,-0.043,0.5145058631896973,-0.0,0.0,0.0,0.5
189.01932072639465,-0.011,-0.006,0.012,0.5255224704742432,-0.0,0.0,0.0,0.5
189.1213788986206,-0.011,-0.006,0.012,0.521385908126831,-0.0,0.0,0.0,0.5
189.22316980361938,-0.006,-0.024,0.022,0.5282897353172302,-0.0,0.0,0.0,0.5
189.3251657485962,-0.006,-0.024,0.022,0.5387921333312988,-0.0,0.0,0.0,0.5
189.42911338806152,-0.028,-0.024,-0.028,0.5377095937728882,-0.0,0.0,0.0,0.5
189.53025364875793,-0.028,-0.024,-0.028,0.5428398847579956,-0.0,0.0,0.0,0.5
189.6333408355713,-0.043,0.016,-0.088,0.5475676655769348,-0.0,0.0,0.0,0.5
189.73620080947876,-0.043,0.016,-0.088,0.5316513776779175,-0.0,0.0,0.0,0.5
189.83896946907043,-0.023,0.027,-0.097,0.5521485209465027,-0.0,0.0,0.0,0.5
189.9409201145172,-0.023,0.027,-0.097,0.5357353091239929,-0.0,0.0,0.0,0.5
190.0435848236084,-0.027,0.043,-0.088,0.5436593294143677,-0.0,0.0,0.0,0.5
190.14598441123962,-0.027,0.043,-0.088,0.5452792644500732,-0.0,0.0,0.0,0.5
190.24719905853271,-0.008,0.047,-0.038,0.537650465965271,-0.0,0.0,0.0,0.5
190.35957527160645,-0.008,0.047,-0.038,0.5220540761947632,-0.0,0.0,0.0,0.5
190.45302319526672,0.031,0.03,0.0349999999999999,0.538311243057251,-0.0,0.0,0.0,0.5
190.55318069458008,0.031,0.03,0.0349999999999999,0.5359870195388794,-0.0,0.0,0.0,0.5
190.65550112724304,0.012,-0.005,0.063,0.5351599454879761,-0.0,0.0,0.0,0.5
190.75731325149536,0.012,-0.005,0.063,0.544165849685669,-0.0,0.0,0.0,0.5
190.85898113250732,0.011,0.015,0.0419999999999999,0.5364495515823364,-0.0,0.0,0.0,0.5
190.9610722064972,0.011,0.015,0.0419999999999999,0.5360562801361084,-0.0,0.0,0.0,0.5
191.06383109092712,0.022,0.018,0.014,0.5371211171150208,-0.0,0.0,0.0,0.5
191.1661732196808,0.022,0.018,0.014,0.5397335290908813,-0.0,0.0,0.0,0.5
191.21917414665222,0.0289999999999999,0.034,-0.009,0.5356388092041016,-0.0,0.0,0.0,0.5
191.32049655914307,0.0289999999999999,0.034,-0.009,0.5303716659545898,-0.0,0.0,0.0,0.5
191.42184925079346,0.0209999999999999,0.025,-0.004,0.5184144973754883,-0.0,0.0,0.0,0.5
191.5241677761078,0.0209999999999999,0.025,-0.004,0.5282962322235107,-0.0,0.0,0.0,0.5
191.62663173675537,0.013,-0.002,0.016,0.5282074213027954,-0.0,0.0,0.0,0.5
191.72901558876038,0.013,-0.002,0.016,0.5181276202201843,-0.0,0.0,0.0,0.5
191.83129858970642,0.02,-0.002,0.03,0.5078285336494446,-0.0,0.0,0.0,0.5
191.9338173866272,0.02,-0.002,0.03,0.5261307954788208,-0.0,0.0,0.0,0.5
192.03604578971863,0.012,0.01,0.022,0.5240927338600159,-0.0,0.0,0.0,0.5
192.13878560066223,0.012,0.01,0.022,0.5176600217819214,-0.0,0.0,0.0,0.5
192.24066877365112,0.001,0.0289999999999999,-0.014,0.5163276195526123,-0.0,0.0,0.0,0.5
192.34370923042297,0.001,0.0289999999999999,-0.014,0.5431787371635437,-0.0,0.0,0.0,0.5
192.4460904598236,-0.001,0.038,-0.012,0.5372028350830078,-0.0,0.0,0.0,0.5
192.54779839515686,-0.001,0.038,-0.012,0.5454977750778198,-0.0,0.0,0.0,0.5
192.65258407592773,0.008,0.025,-0.018,0.546295702457428,-0.0,0.0,0.0,0.5
192.75320100784302,0.008,0.025,-0.018,0.5400075912475586,-0.0,0.0,0.0,0.5
192.85494089126587,0.0,0.0209999999999999,-0.017,0.5607782006263733,-0.0,0.0,0.0,0.5
192.95712614059448,0.0,0.0209999999999999,-0.017,0.5436256527900696,-0.0,0.0,0.0,0.5
193.05949592590332,-0.002,0.032,-0.023,0.5599620938301086,-0.0,0.0,0.0,0.5
193.16103792190552,-0.002,0.032,-0.023,0.557147741317749,-0.0,0.0,0.0,0.5
193.26396107673645,0.0,0.0289999999999999,-0.02,0.5555109977722168,-0.0,0.0,0.0,0.5
193.36619877815247,0.0,0.0289999999999999,-0.02,0.5336179733276367,-0.0,0.0,0.0,0.5
193.41938710212708,0.014,0.019,-0.01,0.5266249179840088,-0.0,0.0,0.0,0.5
193.52038645744324,0.014,0.019,-0.01,0.5366952419281006,-0.0,0.0,0.0,0.5
193.6222472190857,0.028,0.011,-0.016,0.5307608842849731,-0.0,0.0,0.0,0.5
193.72491359710693,0.028,0.011,-0.016,0.5317800045013428,-0.0,0.0,0.0,0.5
193.82756638526917,0.0419999999999999,-0.013,-0.004,0.516829252243042,-0.0,0.0,0.0,0.5
193.92909693717957,0.0419999999999999,-0.013,-0.004,0.5203783512115479,-0.0,0.0,0.0,0.5
194.0310254096985,0.0419999999999999,-0.009,0.02,0.5145003199577332,-0.0,0.0,0.0,0.5
194.13324570655823,0.0419999999999999,-0.009,0.02,0.5253355503082275,-0.0,0.0,0.0,0.5
194.2363567352295,0.037,-0.016,0.061,0.5101685523986816,-0.0,0.0,0.0,0.5
194.33889389038086,0.037,-0.016,0.061,0.4922060370445251,-0.0,0.0,0.0,0.5
194.44045090675354,0.03,-0.027,0.066,0.5063462853431702,-0.0,0.0,0.0,0.5
194.54278802871704,0.03,-0.027,0.066,0.5044938325881958,-0.0,0.0,0.0,0.5
194.64581394195557,0.026,-0.015,0.051,0.5181314945220947,-0.0,0.0,0.0,0.5
194.7483355998993,0.026,-0.015,0.051,0.5115783214569092,-0.0,0.0,0.0,0.5
194.85034584999084,0.036,-0.003,0.013,0.5220876932144165,-0.0,0.0,0.0,0.5
194.95207405090332,0.036,-0.003,0.013,0.5082530975341797,-0.0,0.0,0.0,0.5
195.05439519882202,0.047,0.001,-0.0,0.5125608444213867,-0.0,0.0,0.0,0.5
195.15615677833557,0.047,0.001,-0.0,0.5158872604370117,-0.0,0.0,0.0,0.5
195.25835132598877,0.047,-0.002,-0.03,0.5161658525466919,-0.0,0.0,0.0,0.5
195.35986638069153,0.047,-0.002,-0.03,0.526567816734314,-0.0,0.0,0.0,0.5
195.4618399143219,0.039,-0.02,-0.049,0.5508516430854797,-0.0,0.0,0.0,0.5
195.56450653076172,0.039,-0.02,-0.049,0.5337357521057129,-0.0,0.0,0.0,0.5
195.6669099330902,0.033,-0.01,-0.046,0.517299234867096,-0.0,0.0,0.0,0.5
195.72032189369202,0.033,-0.01,-0.046,0.515311598777771,-0.0,0.0,0.0,0.5
195.82163763046265,0.015,-0.02,-0.036,0.5130478739738464,-0.0,0.0,0.0,0.5
195.92457938194275,0.015,-0.02,-0.036,0.5199534296989441,-0.0,0.0,0.0,0.5
196.02569913864136,0.01,-0.049,-0.013,0.4890615940093994,-0.0,0.0,0.0,0.5
196.12959003448486,0.01,-0.049,-0.013,0.5105589628219604,-0.0,0.0,0.0,0.5
196.23128700256348,0.008,-0.043,-0.024,0.4893085956573486,-0.0,0.0,0.0,0.5
196.33517169952393,0.008,-0.043,-0.024,0.493374764919281,-0.0,0.0,0.0,0.5
196.43622946739197,0.022,-0.018,0.015,0.512826144695282,-0.0,0.0,0.0,0.5
196.53878259658813,0.022,-0.018,0.015,0.5100305676460266,-0.0,0.0,0.0,0.5
196.64253187179565,0.067,-0.017,-0.033,0.5052328109741211,-0.0,0.0,0.0,0.5
196.74496746063232,0.067,-0.017,-0.033,0.4977763593196869,-0.0,0.0,0.0,0.5
196.8480896949768,0.044,-0.018,-0.017,0.5074949264526367,-0.0,0.0,0.0,0.5
196.95204424858093,0.044,-0.018,-0.017,0.4968036413192749,-0.0,0.0,0.0,0.5
197.05340313911438,0.005,-0.0409999999999999,-0.027,0.5091367959976196,-0.0,0.0,0.0,0.5
197.1548891067505,0.005,-0.0409999999999999,-0.027,0.5235026478767395,-0.0,0.0,0.0,0.5
197.25667691230774,0.011,-0.0209999999999999,-0.003,0.5119891166687012,-0.0,0.0,0.0,0.5
197.35874891281128,0.011,-0.0209999999999999,-0.003,0.5125312805175781,-0.0,0.0,0.0,0.5
197.46069478988647,0.037,-0.019,0.004,0.5294973850250244,-0.0,0.0,0.0,0.5
197.56475949287415,0.037,-0.019,0.004,0.516760528087616,-0.0,0.0,0.0,0.5
197.66616010665894,0.016,-0.031,-0.019,0.5398580431938171,-0.0,0.0,0.0,0.5
197.76923632621765,0.016,-0.031,-0.019,0.5322949886322021,-0.0,0.0,0.0,0.5
197.81904578208923,-0.012,-0.022,-0.004,0.5228532552719116,-0.0,0.0,0.0,0.5
197.92243361473083,-0.012,-0.022,-0.004,0.5454323291778564,-0.0,0.0,0.0,0.5
198.02383160591125,-0.019,0.006,-0.001,0.5341641902923584,-0.0,0.0,0.0,0.5
198.1270363330841,-0.019,0.006,-0.001,0.5364709496498108,-0.0,0.0,0.0,0.5
198.22977662086487,0.004,-0.017,-0.052,0.5349477529525757,-0.0,0.0,0.0,0.5
198.33187699317932,0.004,-0.017,-0.052,0.5366355180740356,-0.0,0.0,0.0,0.5
198.43441104888916,0.003,-0.036,-0.09,0.5334931015968323,-0.0,0.0,0.0,0.5
198.53670191764832,0.003,-0.036,-0.09,0.5633375644683838,-0.0,0.0,0.0,0.5
198.63980650901794,-0.017,-0.0289999999999999,-0.049,0.5505537390708923,-0.0,0.0,0.0,0.5
198.7431366443634,-0.017,-0.0289999999999999,-0.049,0.5362600088119507,-0.0,0.0,0.0,0.5
198.84435606002808,-0.007,-0.024,-0.028,0.5590726137161255,-0.0,0.0,0.0,0.5
198.94662618637085,-0.007,-0.024,-0.028,0.5380531549453735,-0.0,0.0,0.0,0.5
199.0486445426941,-0.01,-0.009,0.017,0.5386456251144409,-0.0,0.0,0.0,0.5
199.15170741081238,-0.01,-0.009,0.017,0.5370925068855286,-0.0,0.0,0.0,0.5
199.25369000434875,0.007,0.0,0.0839999999999999,0.535128653049469,-0.0,0.0,0.0,0.5
199.3556890487671,0.007,0.0,0.0839999999999999,0.5244213342666626,-0.0,0.0,0.0,0.5
199.4576051235199,0.007,0.013,0.098,0.5361024737358093,-0.0,0.0,0.0,0.5
199.56015920639038,0.007,0.013,0.098,0.524865984916687,-0.0,0.0,0.0,0.5
199.66427969932556,-0.003,0.014,0.087,0.5309553742408752,-0.0,0.0,0.0,0.5
199.76472353935242,-0.003,0.014,0.087,0.5233107805252075,-0.0,0.0,0.0,0.5
199.86866879463196,-0.007,0.002,0.068,0.5155751705169678,-0.0,0.0,0.0,0.5
199.92034077644348,-0.007,0.002,0.068,0.5365725755691528,-0.0,0.0,0.0,0.5
200.02148723602295,-0.023,-0.002,0.049,0.5393600463867188,-0.0,0.0,0.0,0.5
200.12378072738647,-0.023,-0.002,0.049,0.518136739730835,-0.0,0.0,0.0,0.5
200.22549772262573,-0.024,0.001,0.046,0.509421706199646,-0.0,0.0,0.0,0.5
200.32871198654175,-0.024,0.001,0.046,0.5030832290649414,-0.0,0.0,0.0,0.5
200.4322907924652,-0.019,0.0,0.027,0.4951964616775512,-0.0,0.0,0.0,0.5
200.53505206108093,-0.019,0.0,0.027,0.5082926750183105,-0.0,0.0,0.0,0.5
200.63771986961365,-0.013,0.023,0.01,0.5080232620239258,-0.0,0.0,0.0,0.5
200.73956084251404,-0.013,0.023,0.01,0.5029739141464233,-0.0,0.0,0.0,0.5
200.84210467338562,-0.012,0.023,0.003,0.5010507702827454,-0.0,0.0,0.0,0.5
200.94595980644226,-0.012,0.023,0.003,0.5198074579238892,-0.0,0.0,0.0,0.5
201.04774713516235,-0.007,-0.011,0.01,0.5032637715339661,-0.0,0.0,0.0,0.5
201.14878058433533,-0.007,-0.011,0.01,0.4916028976440429,-0.0,0.0,0.0,0.5
201.25224924087524,-0.012,-0.024,0.026,0.5050554275512695,-0.0,0.0,0.0,0.5
201.35269570350647,-0.012,-0.024,0.026,0.5261772274971008,-0.0,0.0,0.0,0.5
201.45442605018616,-0.043,-0.044,-0.01,0.5148556232452393,-0.0,0.0,0.0,0.5
201.5576615333557,-0.043,-0.044,-0.01,0.5107409954071045,-0.0,0.0,0.0,0.5
201.65984272956848,-0.039,-0.014,-0.075,0.5120773315429688,-0.0,0.0,0.0,0.5
201.7624056339264,-0.039,-0.014,-0.075,0.5120701193809509,-0.0,0.0,0.0,0.5
201.86446809768677,-0.023,0.018,-0.06,0.5102051496505737,-0.0,0.0,0.0,0.5
201.96575260162354,-0.023,0.018,-0.06,0.5145671367645264,-0.0,0.0,0.0,0.5
202.0192198753357,0.006,0.017,-0.004,0.5227077603340149,-0.0,0.0,0.0,0.5
202.12136602401733,0.006,0.017,-0.004,0.504056453704834,-0.0,0.0,0.0,0.5
202.22302675247192,0.005,0.032,-0.014,0.5158419013023376,-0.0,0.0,0.0,0.5
202.32461619377136,0.005,0.032,-0.014,0.5269241333007812,-0.0,0.0,0.0,0.5
202.42666459083557,0.012,0.011,0.005,0.5179685354232788,-0.0,0.0,0.0,0.5
202.53015065193176,0.012,0.011,0.005,0.5177656412124634,-0.0,0.0,0.0,0.5
202.63195371627808,0.0409999999999999,0.016,0.0349999999999999,0.5108146667480469,-0.0,0.0,0.0,0.5
202.73423862457275,0.0409999999999999,0.016,0.0349999999999999,0.521122932434082,-0.0,0.0,0.0,0.5
202.83535766601562,0.036,0.053,0.0289999999999999,0.5339527726173401,-0.0,0.0,0.0,0.5
202.93916296958923,0.036,0.053,0.0289999999999999,0.5082899332046509,-0.0,0.0,0.0,0.5
203.04114055633545,0.0209999999999999,0.022,0.0419999999999999,0.5383789539337158,-0.0,0.0,0.0,0.5
203.14348673820496,0.0209999999999999,0.022,0.0419999999999999,0.5240969061851501,-0.0,0.0,0.0,0.5
203.24625420570374,-0.004,0.006,-0.01,0.5334279537200928,-0.0,0.0,0.0,0.5
203.34812021255493,-0.004,0.006,-0.01,0.5229661464691162,-0.0,0.0,0.0,0.5
203.44992780685425,0.009,0.009,-0.051,0.5266329050064087,-0.0,0.0,0.0,0.5
203.55243754386902,0.009,0.009,-0.051,0.5074255466461182,-0.0,0.0,0.0,0.5
203.65387678146362,0.005,0.033,-0.071,0.5118931531906128,-0.0,0.0,0.0,0.5
203.75640177726746,0.005,0.033,-0.071,0.5092216730117798,-0.0,0.0,0.0,0.5
203.85917568206787,0.0209999999999999,0.025,-0.039,0.5064456462860107,-0.0,0.0,0.0,0.5
203.96057844161987,0.0209999999999999,0.025,-0.039,0.520068883895874,-0.0,0.0,0.0,0.5
204.0623073577881,0.014,0.024,-0.034,0.5062383413314819,-0.0,0.0,0.0,0.5
204.1668827533722,0.014,0.024,-0.034,0.5086936950683594,-0.0,0.0,0.0,0.5
204.21827960014343,0.031,0.0209999999999999,0.006,0.5113402009010315,-0.0,0.0,0.0,0.5
204.31972908973694,0.031,0.0209999999999999,0.006,0.5170503258705139,-0.0,0.0,0.0,0.5
204.4214460849762,0.053,0.006,0.045,0.5144287943840027,-0.0,0.0,0.0,0.5
204.52571725845337,0.053,0.006,0.045,0.5232776999473572,-0.0,0.0,0.0,0.5
204.62678003311157,0.036,0.0409999999999999,0.072,0.5298935770988464,-0.0,0.0,0.0,0.5
204.729745388031,0.036,0.0409999999999999,0.072,0.5407024621963501,-0.0,0.0,0.0,0.5
204.832044839859,0.0,0.027,0.0579999999999999,0.5254508256912231,-0.0,0.0,0.0,0.5
204.93497347831726,0.0,0.027,0.0579999999999999,0.5185644626617432,-0.0,0.0,0.0,0.5
205.03798818588257,0.009,0.011,0.044,0.513629674911499,-0.0,0.0,0.0,0.5
205.1400694847107,0.009,0.011,0.044,0.5437096357345581,-0.0,0.0,0.0,0.5
205.24255061149597,0.03,0.04,-0.003,0.5216310024261475,-0.0,0.0,0.0,0.5
205.34542512893677,0.03,0.04,-0.003,0.5066139101982117,-0.0,0.0,0.0,0.5
205.4489827156067,0.023,0.026,0.0289999999999999,0.5245540142059326,-0.0,0.0,0.0,0.5
205.55045008659363,0.023,0.026,0.0289999999999999,0.5387470722198486,-0.0,0.0,0.0,0.5
205.65349078178406,0.0409999999999999,0.0209999999999999,0.001,0.5212267637252808,-0.0,0.0,0.0,0.5
205.75524878501892,0.0409999999999999,0.0209999999999999,0.001,0.5240790843963623,-0.0,0.0,0.0,0.5
205.85695886611938,0.05,0.031,0.012,0.5322825908660889,-0.0,0.0,0.0,0.5
205.9592170715332,0.05,0.031,0.012,0.5153665542602539,-0.0,0.0,0.0,0.5
206.06026005744934,0.027,0.031,-0.0409999999999999,0.5237127542495728,-0.0,0.0,0.0,0.5
206.1640841960907,0.027,0.031,-0.0409999999999999,0.5047150254249573,-0.0,0.0,0.0,0.5
206.265807390213,0.0349999999999999,0.04,-0.0699999999999999,0.4985104203224182,-0.0,0.0,0.0,0.5
206.31753015518188,0.0349999999999999,0.04,-0.0699999999999999,0.5007306337356567,-0.0,0.0,0.0,0.5
206.42057991027832,0.017,-0.006,-0.05,0.499190479516983,-0.0,0.0,0.0,0.5
206.52194380760193,0.017,-0.006,-0.05,0.5283802151679993,-0.0,0.0,0.0,0.5
206.6243109703064,0.001,-0.047,-0.024,0.5251193046569824,-0.0,0.0,0.0,0.5
206.67444038391113,0.001,-0.047,-0.024,0.5251193046569824,0.0,-0.0,-0.0,0.0
206.7256326675415,0.001,-0.047,-0.024,0.5217715501785278,0.0,-0.0,-0.0,0.0
206.82737398147583,0.009,-0.028,-0.039,0.0530449375510215,0.0,-0.0,-0.0,0.0
206.930415391922,0.009,-0.028,-0.039,0.0905295833945274,0.0,-0.0,-0.0,0.0
207.0327787399292,0.007,-0.014,-0.0209999999999999,0.0127104548737406,0.0,-0.0,-0.0,0.0
207.13438653945923,0.007,-0.014,-0.0209999999999999,0.0187736973166465,0.0,-0.0,-0.0,0.0
207.23718452453613,-0.001,-0.022,-0.016,-0.0027912100777029,0.0,-0.0,-0.0,0.0
207.3387598991394,-0.001,-0.022,-0.016,-0.0077200620435178,0.0,-0.0,-0.0,0.0
207.4409339427948,0.002,-0.025,-0.003,0.005034627392888,0.0,-0.0,-0.0,0.0
207.5425250530243,0.002,-0.025,-0.003,-0.0067456159740686,0.0,-0.0,-0.0,0.0
207.64675879478455,0.003,-0.015,-0.013,0.0003974497958552,0.0,-0.0,-0.0,0.0
207.74968695640564,0.003,-0.015,-0.013,-0.0028222079854458,0.0,-0.0,-0.0,0.0
207.85079979896545,0.009,-0.009,-0.028,-0.009193830192089,0.0,-0.0,-0.0,0.0
207.95233845710754,0.009,-0.009,-0.028,0.0018964374903589,0.0,-0.0,-0.0,0.0
208.05409717559814,0.016,0.015,-0.0289999999999999,0.013156235218048,0.0,-0.0,-0.0,0.0
208.15718960762024,0.016,0.015,-0.0289999999999999,-0.0041581941768527,0.0,-0.0,-0.0,0.0
208.2587432861328,0.011,-0.006,-0.051,-0.0017481256509199,0.0,-0.0,-0.0,0.0
208.36132979393005,0.011,-0.006,-0.051,0.0046360776759684,0.0,-0.0,-0.0,0.0
208.46478652954102,-0.006,0.0,-0.009,-0.0002493411011528,0.0,-0.0,-0.0,0.0
208.5669345855713,-0.006,0.0,-0.009,0.0017406158149242,0.0,-0.0,-0.0,0.0
208.61934900283813,-0.02,0.023,-0.049,0.017369769513607,0.0,-0.0,-0.0,0.0
208.72052764892578,-0.02,0.023,-0.049,-0.0107173034921288,0.0,-0.0,-0.0,0.0
208.8210825920105,-0.004,0.008,-0.11,0.0071144830435514,0.0,-0.0,-0.0,0.0
208.92507433891296,-0.004,0.008,-0.11,0.0036460268311202,0.0,-0.0,-0.0,0.0
209.0266432762146,0.002,-0.007,-0.141,-0.0023765130899846,0.0,-0.0,-0.0,0.0
209.13588738441467,0.002,-0.007,-0.141,-0.0159173011779785,0.0,-0.0,-0.0,0.0
209.23019814491272,-0.001,0.0,-0.136,0.002327031455934,0.0,-0.0,-0.0,0.0
209.33274602890015,-0.001,0.0,-0.136,0.0007076018955558,0.0,-0.0,-0.0,0.0
209.43580055236816,0.003,-0.01,-0.056,0.0070648435503244,0.0,-0.0,-0.0,0.0
209.53813886642456,0.003,-0.01,-0.056,-0.0287241879850626,0.0,-0.0,-0.0,0.0
209.64009761810303,0.023,0.011,-0.002,-0.0097973151132464,0.0,-0.0,-0.0,0.0
209.74295711517334,0.023,0.011,-0.002,0.0030276360921561,0.0,-0.0,-0.0,0.0
209.846613407135,0.019,-0.001,0.032,0.0067643485963344,0.0,-0.0,-0.0,0.0
209.94875121116638,0.019,-0.001,0.032,-0.0003363471478223,0.0,-0.0,-0.0,0.0
210.0503294467926,-0.009,0.005,0.079,-0.0119426622986793,0.0,-0.0,-0.0,0.0
210.15192079544067,-0.009,0.005,0.079,0.0057603511959314,0.0,-0.0,-0.0,0.0
210.2533323764801,-0.03,0.004,0.0839999999999999,0.0164181739091873,0.0,-0.0,-0.0,0.0
210.35539841651917,-0.03,0.004,0.0839999999999999,-0.0076067466288805,0.0,-0.0,-0.0,0.0
210.45726895332336,0.002,0.005,0.019,0.0134831368923187,0.0,-0.0,-0.0,0.0
210.5601806640625,0.002,0.005,0.019,-0.0079139713197946,0.0,-0.0,-0.0,0.0
210.66247034072876,0.0,-0.014,0.033,0.0070800594985485,0.0,-0.0,-0.0,0.0
210.765385389328,0.0,-0.014,0.033,0.0186293348670005,0.0,-0.0,-0.0,0.0
210.8666868209839,0.004,0.005,-0.026,0.0112110674381256,0.0,-0.0,-0.0,0.0
210.96868562698364,0.004,0.005,-0.026,0.0107835382223129,0.0,-0.0,-0.0,0.0
211.02001810073853,0.009,-0.005,-0.027,0.0102825611829757,0.0,-0.0,-0.0,0.0
211.12262082099915,0.009,-0.005,-0.027,0.008211494423449,0.0,-0.0,-0.0,0.0
211.2242407798767,0.014,-0.053,0.039,0.0025510264094918,0.0,-0.0,-0.0,0.0
211.32706260681152,0.014,-0.053,0.039,0.0060678711161017,0.0,-0.0,-0.0,0.0
211.43064379692078,0.043,-0.015,0.004,0.0178376138210296,0.0,-0.0,-0.0,0.0
211.53202319145203,0.043,-0.015,0.004,0.0026723437476903,0.0,-0.0,-0.0,0.0
211.63484907150269,0.0419999999999999,0.009,0.006,0.0098803592845797,0.0,-0.0,-0.0,0.0
211.73624420166016,0.0419999999999999,0.009,0.006,0.0060808616690337,0.0,-0.0,-0.0,0.0
211.83964085578918,0.052,-0.007,-0.02,-0.0088557824492454,0.0,-0.0,-0.0,0.0
211.94265484809875,0.052,-0.007,-0.02,0.0066750310361385,0.0,-0.0,-0.0,0.0
212.04492044448853,0.013,0.017,-0.013,-0.0068120658397674,0.0,-0.0,-0.0,0.0
212.14914679527283,0.013,0.017,-0.013,0.0145262954756617,0.0,-0.0,-0.0,0.0
212.24853372573853,0.014,-0.006,-0.0289999999999999,0.0229151025414466,0.0,-0.0,-0.0,0.0
212.35053253173828,0.014,-0.006,-0.0289999999999999,0.0091354055330157,0.0,-0.0,-0.0,0.0
212.4525327682495,0.013,-0.032,0.06,0.0164279602468013,0.0,-0.0,-0.0,0.0
212.55471467971802,0.013,-0.032,0.06,0.0024990735109895,0.0,-0.0,-0.0,0.0
212.65686988830566,0.019,-0.047,0.1,0.00963587872684,0.0,-0.0,-0.0,0.0
212.7582905292511,0.019,-0.047,0.1,-5.292112473398447e-05,0.0,-0.0,-0.0,0.0
212.8605535030365,0.022,0.002,0.073,0.0060072680935263,0.0,-0.0,-0.0,0.0
212.96327686309814,0.022,0.002,0.073,-0.0070783570408821,0.0,-0.0,-0.0,0.0
213.06650590896606,0.024,0.019,0.001,0.0004894222947768,0.0,-0.0,-0.0,0.0
213.11886930465698,0.024,0.019,0.001,-0.0062529472634196,0.0,-0.0,-0.0,0.0
213.2192986011505,0.005,-0.014,-0.055,0.0053824856877326,0.0,-0.0,-0.0,0.0
213.32110977172852,0.005,-0.014,-0.055,0.0093202088028192,0.0,-0.0,-0.0,0.0
213.42322778701782,0.011,-0.007,-0.1139999999999999,0.0064107002690434,0.0,-0.0,-0.0,0.0
213.52559566497803,0.011,-0.007,-0.1139999999999999,0.0145466811954975,0.0,-0.0,-0.0,0.0
213.62723207473755,-0.003,0.0,-0.096,0.0003354051732458,0.0,-0.0,-0.0,0.0
213.72992420196533,-0.003,0.0,-0.096,0.00339653971605,0.0,-0.0,-0.0,0.0
213.83365297317505,-0.009,-0.006,-0.066,0.0045564491301774,0.0,-0.0,-0.0,0.0
213.93615341186523,-0.009,-0.006,-0.066,-0.0038409112021327,0.0,-0.0,-0.0,0.0
214.0376377105713,-0.01,-0.008,0.003,0.004760121461004,0.0,-0.0,-0.0,0.0
214.14001870155334,-0.01,-0.008,0.003,0.0067361546680331,0.0,-0.0,-0.0,0.0
214.24356126785278,0.009,0.003,0.0579999999999999,-0.0082307010889053,0.0,-0.0,-0.0,0.0
214.34644198417664,0.009,0.003,0.0579999999999999,0.004035523161292,0.0,-0.0,-0.0,0.0
214.44808077812195,0.018,-0.023,0.0689999999999999,-0.0154496543109416,0.0,-0.0,-0.0,0.0
214.5502324104309,0.018,-0.023,0.0689999999999999,-0.0078261699527502,0.0,-0.0,-0.0,0.0
214.6544668674469,0.02,-0.0289999999999999,0.003,0.0168948844075202,0.0,-0.0,-0.0,0.0
214.7552628517151,0.02,-0.0289999999999999,0.003,0.0159135404974222,0.0,-0.0,-0.0,0.0
214.85754227638245,0.018,-0.005,-0.016,0.0047191022895276,0.0,-0.0,-0.0,0.0
214.9599847793579,0.018,-0.005,-0.016,-0.0089402562007308,0.0,-0.0,-0.0,0.0
215.0627965927124,-0.001,0.008,0.004,-0.0090007055550813,0.0,-0.0,-0.0,0.0
215.16577672958374,-0.001,0.008,0.004,-0.0018612928688526,0.0,-0.0,-0.0,0.0
215.2664556503296,-0.002,-0.02,0.039,0.0009253642638213,0.0,-0.0,-0.0,0.0
215.31832313537598,-0.002,-0.02,0.039,0.0071948133409023,0.0,-0.0,-0.0,0.0
215.42019128799438,0.0,-0.048,-0.033,-0.0044579952955245,0.0,-0.0,-0.0,0.0
215.52201509475708,0.0,-0.048,-0.033,0.0074369884096086,0.0,-0.0,-0.0,0.0
215.6246144771576,0.028,-0.017,-0.0699999999999999,0.0036479749251157,0.0,-0.0,-0.0,0.0
215.72693610191345,0.028,-0.017,-0.0699999999999999,0.0046831248328089,0.0,-0.0,-0.0,0.0
215.83036851882935,0.038,-0.02,-0.053,-0.002502507995814,0.0,-0.0,-0.0,0.0
215.9340808391571,0.038,-0.02,-0.053,0.0077705360017716,0.0,-0.0,-0.0,0.0
216.0355134010315,0.022,-0.0349999999999999,-0.064,0.0036625564098358,0.0,-0.0,-0.0,0.0
216.13757061958313,0.022,-0.0349999999999999,-0.064,0.0025877845473587,0.0,-0.0,-0.0,0.0
216.23916459083557,0.013,0.003,0.004,0.011741280555725,0.0,-0.0,-0.0,0.0
216.34388899803162,0.013,0.003,0.004,0.0150874834507703,0.0,-0.0,-0.0,0.0
216.44768166542053,0.009,-0.02,0.026,-0.0041003664955496,0.0,-0.0,-0.0,0.0
216.54895162582397,0.009,-0.02,0.026,0.0009574698633514,0.0,-0.0,-0.0,0.0
216.65251064300537,-0.002,-0.053,0.019,-0.0003889808431267,0.0,-0.0,-0.0,0.0
216.75312066078186,-0.002,-0.053,0.019,0.0167860351502895,0.0,-0.0,-0.0,0.0
216.85479259490967,-0.008,-0.008,0.072,-0.0021186461672186,0.0,-0.0,-0.0,0.0
216.90556359291077,-0.008,-0.008,0.072,-0.0021186461672186,-0.0,0.0,0.0,-0.5
216.95800375938416,-0.008,-0.008,0.072,-0.0063426555134356,-0.0,0.0,0.0,-0.5
217.06094002723694,-0.012,-0.034,0.09,-0.4226305782794952,-0.0,0.0,0.0,-0.5
217.16295957565308,-0.012,-0.034,0.09,-0.4863075017929077,-0.0,0.0,0.0,-0.5
217.26484417915344,0.001,-0.036,0.06,-0.5214431881904602,-0.0,0.0,0.0,-0.5
217.31732559204102,0.001,-0.036,0.06,-0.512057900428772,-0.0,0.0,0.0,-0.5
217.41931819915771,0.005,-0.037,0.046,-0.5258687734603882,-0.0,0.0,0.0,-0.5
217.52216577529907,0.005,-0.037,0.046,-0.5283803939819336,-0.0,0.0,0.0,-0.5
217.6230149269104,0.0,-0.033,-0.022,-0.5386577248573303,-0.0,0.0,0.0,-0.5
217.725830078125,0.0,-0.033,-0.022,-0.5163540840148926,-0.0,0.0,0.0,-0.5
217.828533411026,0.014,-0.003,-0.025,-0.5276332497596741,-0.0,0.0,0.0,-0.5
217.93060088157654,0.014,-0.003,-0.025,-0.5387142300605774,-0.0,0.0,0.0,-0.5
218.03169083595276,0.006,-0.002,-0.048,-0.5314662456512451,-0.0,0.0,0.0,-0.5
218.13469529151917,0.006,-0.002,-0.048,-0.5420055389404297,-0.0,0.0,0.0,-0.5
218.23634696006775,0.001,-0.003,-0.015,-0.5503067374229431,-0.0,0.0,0.0,-0.5
218.33878207206726,0.001,-0.003,-0.015,-0.563916802406311,-0.0,0.0,0.0,-0.5
218.44000959396362,-0.013,0.014,0.018,-0.5407524704933167,-0.0,0.0,0.0,-0.5
218.54359078407288,-0.013,0.014,0.018,-0.5285522937774658,-0.0,0.0,0.0,-0.5
218.64635586738586,0.0,0.019,0.027,-0.5551773309707642,-0.0,0.0,0.0,-0.5
218.74941444396973,0.0,0.019,0.027,-0.5647711753845215,-0.0,0.0,0.0,-0.5
218.85176730155945,0.013,0.034,0.0569999999999999,-0.5318458676338196,-0.0,0.0,0.0,-0.5
218.95367407798767,0.013,0.034,0.0569999999999999,-0.5563050508499146,-0.0,0.0,0.0,-0.5
219.05645966529846,-0.015,0.033,0.132,-0.5378578901290894,-0.0,0.0,0.0,-0.5
219.1580216884613,-0.015,0.033,0.132,-0.5452170372009277,-0.0,0.0,0.0,-0.5
219.25978827476501,-0.007,0.046,0.097,-0.5525261163711548,-0.0,0.0,0.0,-0.5
219.36167168617249,-0.007,0.046,0.097,-0.5355597734451294,-0.0,0.0,0.0,-0.5
219.46519875526428,-0.015,0.026,0.089,-0.5232255458831787,-0.0,0.0,0.0,-0.5
219.5170316696167,-0.015,0.026,0.089,-0.5209752321243286,-0.0,0.0,0.0,-0.5
219.62524604797363,0.009,0.005,-0.001,-0.5130153298377991,-0.0,0.0,0.0,-0.5
219.72218680381775,0.009,0.005,-0.001,-0.5272087454795837,-0.0,0.0,0.0,-0.5
219.8238570690155,-0.007,0.0,-0.03,-0.5424491763114929,-0.0,0.0,0.0,-0.5
219.92578268051147,-0.007,0.0,-0.03,-0.5257943868637085,-0.0,0.0,0.0,-0.5
220.02869844436646,0.007,-0.0209999999999999,-0.048,-0.5273510813713074,-0.0,0.0,0.0,-0.5
220.1306529045105,0.007,-0.0209999999999999,-0.048,-0.5304730534553528,-0.0,0.0,0.0,-0.5
220.2345325946808,0.006,0.008,-0.0,-0.5188682079315186,-0.0,0.0,0.0,-0.5
220.33759808540344,0.006,0.008,-0.0,-0.5283854603767395,-0.0,0.0,0.0,-0.5
220.4404640197754,0.005,0.008,-0.0,-0.5478376150131226,-0.0,0.0,0.0,-0.5
220.54246020317078,0.005,0.008,-0.0,-0.5329859256744385,-0.0,0.0,0.0,-0.5
220.64541506767273,-0.009,0.012,-0.008,-0.5413478016853333,-0.0,0.0,0.0,-0.5
220.7471480369568,-0.009,0.012,-0.008,-0.5350439548492432,-0.0,0.0,0.0,-0.5
220.8521544933319,0.024,0.006,0.002,-0.5365326404571533,-0.0,0.0,0.0,-0.5
220.9529674053192,0.024,0.006,0.002,-0.530479371547699,-0.0,0.0,0.0,-0.5
221.05572652816772,0.009,0.02,-0.068,-0.527543306350708,-0.0,0.0,0.0,-0.5
221.1575973033905,0.009,0.02,-0.068,-0.5292196273803711,-0.0,0.0,0.0,-0.5
221.2585220336914,-0.016,-0.012,-0.0209999999999999,-0.5335904359817505,-0.0,0.0,0.0,-0.5
221.3606984615326,-0.016,-0.012,-0.0209999999999999,-0.5178724527359009,-0.0,0.0,0.0,-0.5
221.46426367759705,0.0,0.01,-0.0,-0.5100225210189819,-0.0,0.0,0.0,-0.5
221.56666541099548,0.0,0.01,-0.0,-0.5123574137687683,-0.0,0.0,0.0,-0.5
221.61834740638733,0.013,0.008,-0.014,-0.4942167401313782,-0.0,0.0,0.0,-0.5
221.71980214118958,0.013,0.008,-0.014,-0.500757098197937,-0.0,0.0,0.0,-0.5
221.82315015792847,0.006,-0.002,0.034,-0.5136206150054932,-0.0,0.0,0.0,-0.5
221.9256432056427,0.006,-0.002,0.034,-0.5125980973243713,-0.0,0.0,0.0,-0.5
222.02760291099548,0.031,-0.004,0.0209999999999999,-0.4899829626083374,-0.0,0.0,0.0,-0.5
222.13025522232056,0.031,-0.004,0.0209999999999999,-0.4901443719863891,-0.0,0.0,0.0,-0.5
222.23359417915344,0.049,-0.001,0.027,-0.4979395866394043,-0.0,0.0,0.0,-0.5
222.33559918403625,0.049,-0.001,0.027,-0.4667877554893493,-0.0,0.0,0.0,-0.5
222.43749260902405,0.044,-0.013,0.013,-0.4934297502040863,-0.0,0.0,0.0,-0.5
222.54019975662231,0.044,-0.013,0.013,-0.4920208156108856,-0.0,0.0,0.0,-0.5
222.64206337928772,0.037,-0.018,-0.033,-0.4979235827922821,-0.0,0.0,0.0,-0.5
222.74563121795654,0.037,-0.018,-0.033,-0.4790598154067993,-0.0,0.0,0.0,-0.5
222.84693789482117,0.007,-0.025,-0.043,-0.5085494518280029,-0.0,0.0,0.0,-0.5
222.94758009910583,0.007,-0.025,-0.043,-0.491592675447464,-0.0,0.0,0.0,-0.5
223.05128288269043,0.017,-0.052,-0.0569999999999999,-0.4956748485565185,-0.0,0.0,0.0,-0.5
223.15271425247192,0.017,-0.052,-0.0569999999999999,-0.5073075890541077,-0.0,0.0,0.0,-0.5
223.25458526611328,0.023,0.0209999999999999,-0.003,-0.4929932355880737,-0.0,0.0,0.0,-0.5
223.35661816596985,0.023,0.0209999999999999,-0.003,-0.4860129952430725,-0.0,0.0,0.0,-0.5
223.4591600894928,0.0,0.031,0.002,-0.4783921241760254,-0.0,0.0,0.0,-0.5
223.56069540977478,0.0,0.031,0.002,-0.4916187524795532,-0.0,0.0,0.0,-0.5
223.66370630264282,0.005,0.059,0.067,-0.4826816022396087,-0.0,0.0,0.0,-0.5
223.7652986049652,0.005,0.059,0.067,-0.5052754878997803,-0.0,0.0,0.0,-0.5
223.81673765182495,0.011,0.064,0.0819999999999999,-0.4944996833801269,-0.0,0.0,0.0,-0.5
223.9178957939148,0.011,0.064,0.0819999999999999,-0.5021209716796875,-0.0,0.0,0.0,-0.5
224.01999831199646,0.027,0.018,0.062,-0.4985129833221435,-0.0,0.0,0.0,-0.5
224.12357306480408,0.027,0.018,0.062,-0.5218726396560669,-0.0,0.0,0.0,-0.5
224.22504448890686,-0.014,0.0289999999999999,0.0409999999999999,-0.5110208988189697,-0.0,0.0,0.0,-0.5
224.32758331298828,-0.014,0.0289999999999999,0.0409999999999999,-0.5174754858016968,-0.0,0.0,0.0,-0.5
224.4291660785675,0.002,0.019,0.0349999999999999,-0.5226042866706848,-0.0,0.0,0.0,-0.5
224.53243780136108,0.002,0.019,0.0349999999999999,-0.5282806158065796,-0.0,0.0,0.0,-0.5
224.6349925994873,-0.014,0.043,0.025,-0.5076347589492798,-0.0,0.0,0.0,-0.5
224.73862147331238,-0.014,0.043,0.025,-0.500717043876648,-0.0,0.0,0.0,-0.5
224.83908247947693,-0.01,0.0,-0.0,-0.5206231474876404,-0.0,0.0,0.0,-0.5
224.94144248962402,-0.01,0.0,-0.0,-0.5172818899154663,-0.0,0.0,0.0,-0.5
225.04329872131348,-0.009,-0.002,0.001,-0.5303170084953308,-0.0,0.0,0.0,-0.5
225.14695477485657,-0.009,-0.002,0.001,-0.5155013203620911,-0.0,0.0,0.0,-0.5
225.24852681159973,-0.004,0.046,0.015,-0.5394241809844971,-0.0,0.0,0.0,-0.5
225.35052609443665,-0.004,0.046,0.015,-0.5297963619232178,-0.0,0.0,0.0,-0.5
225.45236539840698,0.007,0.0349999999999999,-0.026,-0.5446183085441589,-0.0,0.0,0.0,-0.5
225.55490398406982,0.007,0.0349999999999999,-0.026,-0.5285352468490601,-0.0,0.0,0.0,-0.5
225.656751871109,-0.0289999999999999,-0.008,-0.039,-0.5433220267295837,-0.0,0.0,0.0,-0.5
225.7601306438446,-0.0289999999999999,-0.008,-0.039,-0.5402568578720093,-0.0,0.0,0.0,-0.5
225.86287260055542,-0.009,0.027,-0.007,-0.5567312836647034,-0.0,0.0,0.0,-0.5
225.9659924507141,-0.009,0.027,-0.007,-0.5453199148178101,-0.0,0.0,0.0,-0.5
226.01678586006165,-0.008,-0.007,-0.002,-0.5470088124275208,-0.0,0.0,0.0,-0.5
226.12057399749756,-0.008,-0.007,-0.002,-0.5249072313308716,-0.0,0.0,0.0,-0.5
226.2213215827942,-0.007,-0.008,-0.0,-0.5371249914169312,-0.0,0.0,0.0,-0.5
226.32361841201782,-0.007,-0.008,-0.0,-0.5242931246757507,-0.0,0.0,0.0,-0.5
226.425767660141,-0.006,-0.008,-0.0,-0.5373901128768921,-0.0,0.0,0.0,-0.5
226.52732372283936,-0.006,-0.008,-0.0,-0.5435208678245544,-0.0,0.0,0.0,-0.5
226.63220977783203,-0.0209999999999999,0.0,0.053,-0.5490471124649048,-0.0,0.0,0.0,-0.5
226.73347806930542,-0.0209999999999999,0.0,0.053,-0.545469343662262,-0.0,0.0,0.0,-0.5
226.83692169189453,-0.034,0.009,0.066,-0.532705545425415,-0.0,0.0,0.0,-0.5
226.93938732147217,-0.034,0.009,0.066,-0.5247479677200317,-0.0,0.0,0.0,-0.5
227.0405797958374,-0.077,0.014,0.063,-0.535751223564148,-0.0,0.0,0.0,-0.5
227.14419603347778,-0.077,0.014,0.063,-0.5163121223449707,-0.0,0.0,0.0,-0.5
227.24734139442444,-0.054,-0.016,0.02,-0.5437238812446594,-0.0,0.0,0.0,-0.5
227.35006546974182,-0.054,-0.016,0.02,-0.5381436347961426,-0.0,0.0,0.0,-0.5
227.450749874115,-0.031,0.003,0.018,-0.5413538217544556,-0.0,0.0,0.0,-0.5
227.55155730247498,-0.031,0.003,0.018,-0.514788031578064,-0.0,0.0,0.0,-0.5
227.65388870239258,0.015,0.018,-0.002,-0.5409854650497437,-0.0,0.0,0.0,-0.5
227.7571656703949,0.015,0.018,-0.002,-0.5477094650268555,-0.0,0.0,0.0,-0.5
227.85985159873962,0.001,-0.01,-0.0,-0.5305874347686768,-0.0,0.0,0.0,-0.5
227.96140551567078,0.001,-0.01,-0.0,-0.540855884552002,-0.0,0.0,0.0,-0.5
228.06373357772827,0.002,-0.011,-0.0,-0.5482925772666931,-0.0,0.0,0.0,-0.5
228.16635584831238,0.002,-0.011,-0.0,-0.5522830486297607,-0.0,0.0,0.0,-0.5
228.21730041503906,0.003,-0.01,-0.0,-0.5427495241165161,-0.0,0.0,0.0,-0.5
228.31926798820496,0.003,-0.01,-0.0,-0.5439603328704834,-0.0,0.0,0.0,-0.5
228.42218041419983,0.001,0.009,-0.016,-0.5328322052955627,-0.0,0.0,0.0,-0.5
228.52448272705078,0.001,0.009,-0.016,-0.5201607942581177,-0.0,0.0,0.0,-0.5
228.627272605896,-0.005,0.023,-0.002,-0.5161845088005066,-0.0,0.0,0.0,-0.5
228.73027157783508,-0.005,0.023,-0.002,-0.4970495700836181,-0.0,0.0,0.0,-0.5
228.83160138130188,0.005,0.027,-0.024,-0.5037481784820557,-0.0,0.0,0.0,-0.5
228.93388032913208,0.005,0.027,-0.024,-0.5066088438034058,-0.0,0.0,0.0,-0.5
229.03606939315796,0.008,0.004,-0.0209999999999999,-0.5203912258148193,-0.0,0.0,0.0,-0.5
229.1399209499359,0.008,0.004,-0.0209999999999999,-0.5116221308708191,-0.0,0.0,0.0,-0.5
229.24131178855896,0.007,-0.002,0.027,-0.5205866098403931,-0.0,0.0,0.0,-0.5
229.34477615356445,0.007,-0.002,0.027,-0.5239506959915161,-0.0,0.0,0.0,-0.5
229.4449656009674,-0.011,-0.017,0.053,-0.5075857639312744,-0.0,0.0,0.0,-0.5
229.55164074897766,-0.011,-0.017,0.053,-0.5017523765563965,-0.0,0.0,0.0,-0.5
229.64960074424744,-0.003,-0.053,0.09,-0.4879962205886841,-0.0,0.0,0.0,-0.5
229.75227189064026,-0.003,-0.053,0.09,-0.5121053457260132,-0.0,0.0,0.0,-0.5
229.85496711730957,-0.003,-0.038,0.097,-0.4920809864997864,-0.0,0.0,0.0,-0.5
229.95639538764954,-0.003,-0.038,0.097,-0.5153905749320984,-0.0,0.0,0.0,-0.5
230.05816173553467,-0.0209999999999999,-0.002,0.061,-0.5151100158691406,-0.0,0.0,0.0,-0.5
230.16140699386597,-0.0209999999999999,-0.002,0.061,-0.513512372970581,-0.0,0.0,0.0,-0.5
230.26313614845276,-0.014,0.01,0.059,-0.5322743654251099,-0.0,0.0,0.0,-0.5
230.3660445213318,-0.014,0.01,0.059,-0.5404546856880188,-0.0,0.0,0.0,-0.5
230.41658759117126,-0.018,0.007,0.032,-0.5424785614013672,-0.0,0.0,0.0,-0.5
230.520117521286,-0.018,0.007,0.032,-0.5399978160858154,-0.0,0.0,0.0,-0.5
230.6228106021881,-0.012,-0.028,0.047,-0.5391244888305664,-0.0,0.0,0.0,-0.5
230.72326231002808,-0.012,-0.028,0.047,-0.5454909801483154,-0.0,0.0,0.0,-0.5
230.8258900642395,0.033,-0.0569999999999999,0.031,-0.5489633679389954,-0.0,0.0,0.0,-0.5
230.92911338806152,0.033,-0.0569999999999999,0.031,-0.5559942722320557,-0.0,0.0,0.0,-0.5
231.03201484680176,0.03,-0.045,0.009,-0.5412545800209045,-0.0,0.0,0.0,-0.5
231.135178565979,0.03,-0.045,0.009,-0.5226415395736694,-0.0,0.0,0.0,-0.5
231.23623538017273,0.004,0.0,0.03,-0.5494562387466431,-0.0,0.0,0.0,-0.5
231.3384177684784,0.004,0.0,0.03,-0.5439132452011108,-0.0,0.0,0.0,-0.5
231.44026613235474,-0.011,0.028,0.007,-0.5268136262893677,-0.0,0.0,0.0,-0.5
231.54370975494385,-0.011,0.028,0.007,-0.5562107563018799,-0.0,0.0,0.0,-0.5
231.64731812477112,0.007,0.016,-0.026,-0.5354852080345154,-0.0,0.0,0.0,-0.5
231.74957513809204,0.007,0.016,-0.026,-0.541989803314209,-0.0,0.0,0.0,-0.5
231.85208678245544,-0.006,0.046,-0.0699999999999999,-0.5570985078811646,-0.0,0.0,0.0,-0.5
231.9577705860138,-0.006,0.046,-0.0699999999999999,-0.5443893074989319,-0.0,0.0,0.0,-0.5
232.05612778663635,0.007,0.007,-0.001,-0.53782057762146,-0.0,0.0,0.0,-0.5
232.1586925983429,0.007,0.007,-0.001,-0.5471607446670532,-0.0,0.0,0.0,-0.5
232.2612657546997,0.006,0.008,-0.0,-0.5279353857040405,-0.0,0.0,0.0,-0.5
232.36349034309387,0.006,0.008,-0.0,-0.5292584896087646,-0.0,0.0,0.0,-0.5
232.46575665473938,0.0289999999999999,-0.003,-0.062,-0.5177228450775146,-0.0,0.0,0.0,-0.5
232.51734018325806,0.0289999999999999,-0.003,-0.062,-0.5385959148406982,-0.0,0.0,0.0,-0.5
232.6199312210083,-0.012,-0.011,-0.008,-0.5230910778045654,-0.0,0.0,0.0,-0.5
232.7215552330017,-0.012,-0.011,-0.008,-0.5223190784454346,-0.0,0.0,0.0,-0.5
232.82297563552856,-0.023,-0.007,-0.0419999999999999,-0.5281112194061279,-0.0,0.0,0.0,-0.5
232.925030708313,-0.023,-0.007,-0.0419999999999999,-0.531191349029541,-0.0,0.0,0.0,-0.5
233.02689599990845,0.0,-0.027,-0.0569999999999999,-0.5337178707122803,-0.0,0.0,0.0,-0.5
233.13015913963318,0.0,-0.027,-0.0569999999999999,-0.5221561193466187,-0.0,0.0,0.0,-0.5
233.23134851455688,0.019,0.004,-0.134,-0.5347520112991333,-0.0,0.0,0.0,-0.5
233.33489727973938,0.019,0.004,-0.134,-0.5390352010726929,-0.0,0.0,0.0,-0.5
233.43678832054138,0.0,-0.005,-0.086,-0.5293595194816589,-0.0,0.0,0.0,-0.5
233.53831005096436,0.0,-0.005,-0.086,-0.5121051073074341,-0.0,0.0,0.0,-0.5
233.6412069797516,-0.008,-0.038,0.011,-0.5096129179000854,-0.0,0.0,0.0,-0.5
233.74337887763977,-0.008,-0.038,0.011,-0.5415092706680298,-0.0,0.0,0.0,-0.5
233.8461983203888,0.02,-0.01,0.025,-0.5130116939544678,-0.0,0.0,0.0,-0.5
233.94825387001038,0.02,-0.01,0.025,-0.5184043645858765,-0.0,0.0,0.0,-0.5
234.05108618736267,0.008,-0.026,0.054,-0.5168036222457886,-0.0,0.0,0.0,-0.5
234.15230298042297,0.008,-0.026,0.054,-0.5119782090187073,-0.0,0.0,0.0,-0.5
234.25474500656128,0.022,-0.008,0.0419999999999999,-0.512969970703125,-0.0,0.0,0.0,-0.5
234.35683131217957,0.022,-0.008,0.0419999999999999,-0.5276827812194824,-0.0,0.0,0.0,-0.5
234.45949935913086,0.0349999999999999,0.011,0.012,-0.5317577123641968,-0.0,0.0,0.0,-0.5
234.562166929245,0.0349999999999999,0.011,0.012,-0.530826210975647,-0.0,0.0,0.0,-0.5
234.6655831336975,0.044,0.031,-0.0579999999999999,-0.5289273262023926,-0.0,0.0,0.0,-0.5
234.71599292755127,0.044,0.031,-0.0579999999999999,-0.5392435789108276,-0.0,0.0,0.0,-0.5
234.81775784492493,0.0419999999999999,0.052,-0.053,-0.5324259996414185,-0.0,0.0,0.0,-0.5
234.92099404335022,0.0419999999999999,0.052,-0.053,-0.53389972448349,-0.0,0.0,0.0,-0.5
235.02273440361023,0.043,-0.051,0.064,-0.5210983753204346,-0.0,0.0,0.0,-0.5
235.12500667572021,0.043,-0.051,0.064,-0.5389176607131958,-0.0,0.0,0.0,-0.5
235.22588467597961,0.04,-0.025,0.074,-0.5302622318267822,-0.0,0.0,0.0,-0.5
235.27908658981323,0.04,-0.025,0.074,-0.5302622318267822,0.0,-0.0,-0.0,0.0
235.3280827999115,0.04,-0.025,0.074,-0.5518230199813843,0.0,-0.0,-0.0,0.0
235.4304976463318,0.034,-0.024,0.048,-0.0534084104001522,0.0,-0.0,-0.0,0.0
235.5328884124756,0.034,-0.024,0.048,-0.0387863628566265,0.0,-0.0,-0.0,0.0
235.63529419898987,0.017,0.0,0.003,-0.0395998731255531,0.0,-0.0,-0.0,0.0
235.7376639842987,0.017,0.0,0.003,-0.0264286454766988,0.0,-0.0,-0.0,0.0
235.8389813899994,-0.005,-0.02,-0.031,-0.0392103977501392,0.0,-0.0,-0.0,0.0
235.9444136619568,-0.005,-0.02,-0.031,-0.0499860458076,0.0,-0.0,-0.0,0.0
236.04511904716492,-0.017,-0.004,-0.044,-0.0486423894762992,0.0,-0.0,-0.0,0.0
236.14800214767456,-0.017,-0.004,-0.044,-0.054046656936407,0.0,-0.0,-0.0,0.0
236.2479066848755,-0.002,-0.006,-0.003,-0.0350296087563037,0.0,-0.0,-0.0,0.0
236.35309386253357,-0.002,-0.006,-0.003,-0.0416207090020179,0.0,-0.0,-0.0,0.0
236.4520206451416,-0.001,0.004,-0.028,-0.0536480583250522,0.0,-0.0,-0.0,0.0
236.55521440505981,-0.001,0.004,-0.028,0.0065119713544845,0.0,-0.0,-0.0,0.0
236.6583960056305,-0.005,0.005,-0.023,0.0177189819514751,0.0,-0.0,-0.0,0.0
236.76018285751343,-0.005,0.005,-0.023,0.0017045706044882,0.0,-0.0,-0.0,0.0
236.862464427948,-0.011,0.014,-0.0419999999999999,-0.0006005084142088,0.0,-0.0,-0.0,0.0
236.96500062942505,-0.011,0.014,-0.0419999999999999,0.0058746431022882,0.0,-0.0,-0.0,0.0
237.01587557792664,0.009,0.002,-0.027,0.009990501217544,0.0,-0.0,-0.0,0.0
237.1195957660675,0.009,0.002,-0.027,0.0050080078653991,0.0,-0.0,-0.0,0.0
237.22017407417297,0.0,0.014,-0.008,0.0123111074790358,0.0,-0.0,-0.0,0.0
237.32224535942078,0.0,0.014,-0.008,-0.0035022592637687,0.0,-0.0,-0.0,0.0
237.42494010925293,-0.024,0.0209999999999999,-0.004,0.0031923204660415,0.0,-0.0,-0.0,0.0
237.52695846557617,-0.024,0.0209999999999999,-0.004,0.017361219972372,0.0,-0.0,-0.0,0.0
237.63109493255615,-0.0209999999999999,0.013,0.01,-0.0013215742073953,0.0,-0.0,-0.0,0.0
237.73214077949524,-0.0209999999999999,0.013,0.01,0.0176116153597831,0.0,-0.0,-0.0,0.0
237.83404803276062,-0.008,0.007,0.013,-0.0062340795993804,0.0,-0.0,-0.0,0.0
237.93683242797852,-0.008,0.007,0.013,0.0018238953780382,0.0,-0.0,-0.0,0.0
238.0384533405304,0.008,-0.015,0.0419999999999999,-0.0006693070754408,0.0,-0.0,-0.0,0.0
238.14060878753662,0.008,-0.015,0.0419999999999999,-0.0207608472555875,0.0,-0.0,-0.0,0.0
238.24358892440796,-0.011,-0.024,0.031,-0.0069720717146992,0.0,-0.0,-0.0,0.0
238.344829082489,-0.011,-0.024,0.031,0.014338057488203,0.0,-0.0,-0.0,0.0
238.44689059257507,-0.012,0.007,-0.008,0.0146828275173902,0.0,-0.0,-0.0,0.0
238.54946517944336,-0.012,0.007,-0.008,4.254165105521679e-05,0.0,-0.0,-0.0,0.0
238.65210127830505,-0.03,0.04,-0.026,0.013802588917315,0.0,-0.0,-0.0,0.0
238.75323939323425,-0.03,0.04,-0.026,-0.0051796189509332,0.0,-0.0,-0.0,0.0
238.85473108291626,-0.039,0.033,-0.043,-0.0155507186427712,0.0,-0.0,-0.0,0.0
238.958811044693,-0.039,0.033,-0.043,-0.0044990703463554,0.0,-0.0,-0.0,0.0
239.0611755847931,0.0,0.0,-0.0,0.0176627412438392,0.0,-0.0,-0.0,0.0
239.16513657569885,0.0,0.0,-0.0,0.0034003732725977,0.0,-0.0,-0.0,0.0
239.21515440940857,0.0,0.0,-0.0,-0.0048844809643924,0.0,-0.0,-0.0,0.0
239.31848859786987,0.0,0.0,-0.0,-0.0043097212910652,0.0,-0.0,-0.0,0.0
239.4223964214325,0.0,0.0,-0.0,0.0023189650382846,0.0,-0.0,-0.0,0.0
239.52081322669983,0.0,0.0,-0.0,-0.0055293049663305,0.0,-0.0,-0.0,0.0
239.62416458129883,0.0,0.0,-0.0,0.0057385759428143,0.0,-0.0,-0.0,0.0
239.7265841960907,0.0,0.0,-0.0,0.0145408753305673,0.0,-0.0,-0.0,0.0
239.8288598060608,0.0,0.0,-0.0,-0.0041424450464546,0.0,-0.0,-0.0,0.0
239.9318687915802,0.0,0.0,-0.0,-0.0148543575778603,0.0,-0.0,-0.0,0.0
240.03449654579163,0.0,0.0,-0.0,0.0085083739832043,0.0,-0.0,-0.0,0.0
240.1364905834198,0.0,0.0,-0.0,-0.0053018643520772,0.0,-0.0,-0.0,0.0
240.23871040344238,0.0,0.0,-0.0,0.0062577640637755,0.0,-0.0,-0.0,0.0
240.34255933761597,0.0,0.0,-0.0,-0.0027952773962169,0.0,-0.0,-0.0,0.0
240.4442162513733,0.0,0.0,0.001,-0.0066395290195941,0.0,-0.0,-0.0,0.0
240.54850506782532,0.0,0.0,0.001,-0.0029435600154101,0.0,-0.0,-0.0,0.0
240.64774918556213,0.0,0.0,-0.0,0.0068640047684311,0.0,-0.0,-0.0,0.0
240.74901509284973,0.0,0.0,-0.0,0.004485813435167,0.0,-0.0,-0.0,0.0
240.85129308700562,0.0,0.0,-0.0,-0.0115217883139848,0.0,-0.0,-0.0,0.0
240.95319819450378,0.0,0.0,-0.0,-0.0013536546612158,0.0,-0.0,-0.0,0.0
241.05577421188354,0.0,0.0,0.002,-0.0045005469582974,0.0,-0.0,-0.0,0.0
241.15824699401855,0.0,0.0,0.002,0.0083358213305473,0.0,-0.0,-0.0,0.0
241.26124930381775,0.0,0.0,-0.0,0.0044640586711466,0.0,-0.0,-0.0,0.0
241.36492443084717,0.0,0.0,-0.0,0.0041313227266073,0.0,-0.0,-0.0,0.0
241.4652636051178,0.0,0.0,-0.0,-0.0028360071592032,0.0,-0.0,-0.0,0.0
241.51628375053406,0.0,0.0,-0.0,0.0103031685575842,0.0,-0.0,-0.0,0.0
241.6186878681183,0.0,0.0,-0.0,-0.0013106622500345,0.0,-0.0,-0.0,0.0
241.72242140769958,0.0,0.0,-0.0,0.016515914350748,0.0,-0.0,-0.0,0.0
241.8262209892273,0.0,0.0,-0.0,-0.0036557312123477,0.0,-0.0,-0.0,0.0
241.92970371246338,0.0,0.0,-0.0,0.0002734391018748,0.0,-0.0,-0.0,0.0
242.02960443496704,0.0,0.0,-0.0,-0.0026483302935957,0.0,-0.0,-0.0,0.0
242.1323688030243,0.0,0.0,-0.0,0.0015470215585082,0.0,-0.0,-0.0,0.0
