Time,X_vel_uav,Y_vel_uav,Z_vel_uav,yaw_vel_uav,X_cmd_vel,Y_cmd_vel,Z_cmd_vel,yaw_cmd_vel
1694873371.31103,0.001,-0.008,-0.022,-0.003619131166487932,0,0,0,0
1694873371.3629534,-0.005,-0.017,-0.008,0.00920973438769579,0,0,0,0
1694873371.4133005,-0.005,-0.017,-0.008,0.00920973438769579,-0.0,0.0,0.0,-0.0
1694873371.464753,-0.005,-0.017,-0.008,0.004623815417289734,-0.0,0.0,0.0,-0.0
1694873371.5166118,-0.005,-0.017,-0.008,0.004623815417289734,-0.0,0.0,0.0,-0.0
1694873371.5671997,0.004,-0.022,0.011,0.012609432451426983,-0.0,0.0,0.0,-0.0
1694873371.61717,0.004,-0.022,0.011,0.012609432451426983,-0.0,0.0,0.0,-0.0
1694873371.6692,0.004,-0.022,0.011,0.0007415965083055198,-0.0,0.0,0.0,-0.0
1694873371.718795,0.004,-0.022,0.011,0.0007415965083055198,-0.0,0.0,0.0,-0.0
1694873371.7714446,-0.006,-0.023,-0.016,-0.0013894634321331978,-0.0,0.0,0.0,-0.0
1694873371.8211563,-0.006,-0.023,-0.016,-0.0013894634321331978,-0.0,0.0,0.0,-0.0
1694873371.873399,-0.006,-0.023,-0.016,-0.014235174283385277,-0.0,0.0,0.0,-0.0
1694873371.9227457,-0.006,-0.023,-0.016,-0.014235174283385277,-0.0,0.0,0.0,-0.0
1694873371.9753141,-0.002,-0.008,-0.01,-0.010258287191390991,-0.0,0.0,0.0,-0.0
1694873372.0261784,-0.002,-0.008,-0.01,-0.010258287191390991,-0.0,0.0,0.0,-0.0
1694873372.0781026,-0.002,-0.008,-0.01,0.0029140610713511705,-0.0,0.0,0.0,-0.0
1694873372.1284385,-0.002,-0.008,-0.01,0.0029140610713511705,-0.0,0.0,0.0,-0.0
1694873372.1802297,-0.002,0.002,-0.002,-0.008446021005511284,-0.0,0.0,0.0,-0.0
1694873372.2306435,-0.002,0.002,-0.002,-0.008446021005511284,-0.0,0.0,0.0,-0.0
1694873372.283994,-0.002,0.002,-0.002,-0.008247463032603264,-0.0,0.0,0.0,-0.0
1694873372.333576,-0.002,0.002,-0.002,-0.008247463032603264,-0.0,0.0,0.0,-0.0
1694873372.3869443,-0.002,0.003,0.004,-0.01114952377974987,-0.0,0.0,0.0,-0.0
1694873372.4364803,-0.002,0.003,0.004,-0.01114952377974987,-0.0,0.0,0.0,-0.0
1694873372.4878564,-0.002,0.003,0.004,0.008368785493075848,-0.0,0.0,0.0,-0.0
1694873372.4900892,-0.002,0.003,0.004,0.008368785493075848,-0.0,0.0,0.0,-0.0
1694873372.5898342,-0.004,0.016,0.016,-0.005332751199603081,-0.0,0.0,0.0,-0.0
1694873372.5923944,-0.004,0.016,0.016,-0.005332751199603081,-0.0,0.0,0.0,-0.0
1694873372.641242,-0.004,0.016,0.016,-0.004091805312782526,-0.0,0.0,0.0,-0.0
1694873372.691546,-0.004,0.016,0.016,-0.004091805312782526,-0.0,0.0,0.0,-0.0
1694873372.7433653,0.0,0.007000000000000001,0.007000000000000001,0.00243798503652215,-0.0,0.0,0.0,-0.0
1694873372.7934804,0.0,0.007000000000000001,0.007000000000000001,0.00243798503652215,-0.0,0.0,0.0,-0.0
1694873372.8453124,0.0,0.007000000000000001,0.007000000000000001,0.002697885734960437,-0.0,0.0,0.0,-0.0
1694873372.8957627,0.0,0.007000000000000001,0.007000000000000001,0.002697885734960437,-0.0,0.0,0.0,-0.0
1694873372.9483845,0.001,0.0,0.003,0.005746463779360056,-0.0,0.0,0.0,-0.0
1694873372.999424,0.001,0.0,0.003,0.005746463779360056,-0.0,1.0,0.0,-0.0
1694873373.050761,0.001,0.0,0.003,0.004328564275056124,-0.0,1.0,0.0,-0.0
1694873373.1012163,0.001,0.0,0.003,0.004328564275056124,-0.0,1.0,0.0,-0.0
1694873373.1530154,-0.001,0.0,0.001,-0.00467683095484972,-0.0,1.0,0.0,-0.0
1694873373.203345,-0.001,0.0,0.001,-0.00467683095484972,-0.0,1.0,0.0,-0.0
1694873373.253695,-0.001,0.0,0.001,0.006007180083543062,-0.0,1.0,0.0,-0.0
1694873373.3053343,-0.001,0.0,0.001,0.006007180083543062,-0.0,1.0,0.0,-0.0
1694873373.355783,-0.008,0.118,-0.003,0.003737106453627348,-0.0,1.0,0.0,-0.0
1694873373.4079185,-0.008,0.118,-0.003,0.003737106453627348,-0.0,1.0,0.0,-0.0
1694873373.4581082,-0.008,0.118,-0.003,-0.0034111901186406612,-0.0,1.0,0.0,-0.0
1694873373.5082371,-0.008,0.118,-0.003,-0.0034111901186406612,-0.0,1.0,0.0,-0.0
1694873373.5592422,-0.02,0.29300000000000004,0.001,0.0044699194841086864,-0.0,1.0,0.0,-0.0
1694873373.610461,-0.02,0.29300000000000004,0.001,0.0044699194841086864,-0.0,1.0,0.0,-0.0
1694873373.661201,-0.02,0.29300000000000004,0.001,-0.002490521874278784,-0.0,1.0,0.0,-0.0
1694873373.7119777,-0.02,0.29300000000000004,0.001,-0.002490521874278784,-0.0,1.0,0.0,-0.0
1694873373.7632284,-0.025,0.457,0.012,0.005991016048938036,-0.0,1.0,0.0,-0.0
1694873373.8143303,-0.025,0.457,0.012,0.005991016048938036,-0.0,1.0,0.0,-0.0
1694873373.8654058,-0.025,0.457,0.012,0.004300529137253761,-0.0,1.0,0.0,-0.0
1694873373.916063,-0.025,0.457,0.012,0.004300529137253761,-0.0,1.0,0.0,-0.0
1694873373.9678547,-0.031,0.58,0.013000000000000001,0.008234448730945587,-0.0,1.0,0.0,-0.0
1694873374.020386,-0.031,0.58,0.013000000000000001,0.008234448730945587,-0.0,1.0,0.0,-0.0
1694873374.0692308,-0.031,0.58,0.013000000000000001,-0.0044514876790344715,-0.0,1.0,0.0,-0.0
1694873374.120185,-0.031,0.58,0.013000000000000001,-0.0044514876790344715,-0.0,1.0,0.0,-0.0
1694873374.1720853,-0.031,0.6559999999999999,0.017,-0.00754619250074029,-0.0,1.0,0.0,-0.0
1694873374.2223892,-0.031,0.6559999999999999,0.017,-0.00754619250074029,-0.0,1.0,0.0,-0.0
1694873374.2732646,-0.031,0.6559999999999999,0.017,0.002095554955303669,-0.0,1.0,0.0,-0.0
1694873374.3237708,-0.031,0.6559999999999999,0.017,0.002095554955303669,-0.0,1.0,0.0,-0.0
1694873374.3764575,-0.038,0.712,0.023,-0.006141940131783485,-0.0,1.0,0.0,-0.0
1694873374.427224,-0.038,0.712,0.023,-0.006141940131783485,-0.0,1.0,0.0,-0.0
1694873374.478029,-0.038,0.712,0.023,-0.006242378614842892,-0.0,1.0,0.0,-0.0
1694873374.527737,-0.038,0.712,0.023,-0.006242378614842892,-0.0,1.0,0.0,-0.0
1694873374.5799053,-0.034999999999999996,0.778,0.017,-0.00825165119022131,-0.0,1.0,0.0,-0.0
1694873374.630532,-0.034999999999999996,0.778,0.017,-0.00825165119022131,-0.0,1.0,0.0,-0.0
1694873374.681792,-0.034999999999999996,0.778,0.017,8.272597915492952e-05,-0.0,1.0,0.0,-0.0
1694873374.7318616,-0.034999999999999996,0.778,0.017,8.272597915492952e-05,-0.0,1.0,0.0,-0.0
1694873374.7832434,-0.034999999999999996,0.8320000000000001,0.031,-0.007737031672149897,-0.0,1.0,0.0,-0.0
1694873374.8342974,-0.034999999999999996,0.8320000000000001,0.031,-0.007737031672149897,-0.0,1.0,0.0,-0.0
1694873374.8864305,-0.034999999999999996,0.8320000000000001,0.031,0.003385224612429738,-0.0,1.0,0.0,-0.0
1694873374.9366956,-0.034999999999999996,0.8320000000000001,0.031,0.003385224612429738,-0.0,1.0,0.0,-0.0
1694873374.9900017,-0.051000000000000004,0.8400000000000001,0.034999999999999996,-0.002726994687691331,-0.0,1.0,0.0,-0.0
1694873374.9939399,-0.051000000000000004,0.8400000000000001,0.034999999999999996,-0.002726994687691331,-0.0,1.0,0.0,-0.0
1694873375.0411565,-0.051000000000000004,0.8400000000000001,0.034999999999999996,-0.0029389364644885063,-0.0,1.0,0.0,-0.0
1694873375.092536,-0.051000000000000004,0.8400000000000001,0.034999999999999996,-0.0029389364644885063,-0.0,1.0,0.0,-0.0
1694873375.1442988,-0.040999999999999995,0.8699999999999999,0.040999999999999995,-0.005811976734548807,-0.0,1.0,0.0,-0.0
1694873375.195019,-0.040999999999999995,0.8699999999999999,0.040999999999999995,-0.005811976734548807,-0.0,1.0,0.0,-0.0
1694873375.2471259,-0.040999999999999995,0.8699999999999999,0.040999999999999995,1.1757132597267628e-05,-0.0,1.0,0.0,-0.0
1694873375.297187,-0.040999999999999995,0.8699999999999999,0.040999999999999995,1.1757132597267628e-05,-0.0,1.0,0.0,-0.0
1694873375.3499358,-0.039,0.857,0.033,0.00724426843225956,-0.0,1.0,0.0,-0.0
1694873375.3994038,-0.039,0.857,0.033,0.00724426843225956,-0.0,1.0,0.0,-0.0
1694873375.4511056,-0.039,0.857,0.033,0.004277496132999659,-0.0,1.0,0.0,-0.0
1694873375.5012197,-0.039,0.857,0.033,0.004277496132999659,-0.0,1.0,0.0,-0.0
1694873375.5538044,-0.027000000000000003,0.86,0.026000000000000002,-0.002478210022673011,-0.0,1.0,0.0,-0.0
1694873375.603419,-0.027000000000000003,0.86,0.026000000000000002,-0.002478210022673011,-0.0,1.0,0.0,-0.0
1694873375.655573,-0.027000000000000003,0.86,0.026000000000000002,-0.004590176045894623,-0.0,1.0,0.0,-0.0
1694873375.7075047,-0.027000000000000003,0.86,0.026000000000000002,-0.004590176045894623,-0.0,1.0,0.0,-0.0
1694873375.7593324,-0.043,0.858,0.018,0.011442486196756363,-0.0,1.0,0.0,-0.0
1694873375.8084838,-0.043,0.858,0.018,0.011442486196756363,-0.0,1.0,0.0,-0.0
1694873375.86013,-0.043,0.858,0.018,-0.01623186282813549,-0.0,1.0,0.0,-0.0
1694873375.910108,-0.043,0.858,0.018,-0.01623186282813549,-0.0,1.0,0.0,-0.0
1694873375.9612496,-0.034999999999999996,0.842,0.022,0.004371823277324438,-0.0,1.0,0.0,-0.0
1694873376.0127223,-0.034999999999999996,0.842,0.022,0.004371823277324438,-0.0,1.0,0.0,-0.0
1694873376.0639248,-0.034999999999999996,0.842,0.022,0.0015222770161926746,-0.0,1.0,0.0,-0.0
1694873376.11401,-0.034999999999999996,0.842,0.022,0.0015222770161926746,-0.0,1.0,0.0,-0.0
1694873376.1653395,-0.048,0.8630000000000001,0.017,-0.0014634202234447002,-0.0,1.0,0.0,-0.0
1694873376.2163713,-0.048,0.8630000000000001,0.017,-0.0014634202234447002,-0.0,1.0,0.0,-0.0
1694873376.2675645,-0.048,0.8630000000000001,0.017,0.008099443279206753,-0.0,1.0,0.0,-0.0
1694873376.3191879,-0.048,0.8630000000000001,0.017,0.008099443279206753,-0.0,1.0,0.0,-0.0
1694873376.3698301,-0.044,0.8710000000000001,0.037,0.0051367199048399925,-0.0,1.0,0.0,-0.0
1694873376.4200664,-0.044,0.8710000000000001,0.037,0.0051367199048399925,-0.0,1.0,0.0,-0.0
1694873376.4726355,-0.044,0.8710000000000001,0.037,-0.000808830140158534,-0.0,1.0,0.0,-0.0
1694873376.5252998,-0.044,0.8710000000000001,0.037,-0.000808830140158534,-0.0,1.0,0.0,-0.0
1694873376.5750072,-0.045,0.865,0.025,0.010034866631031036,-0.0,1.0,0.0,-0.0
1694873376.6251163,-0.045,0.865,0.025,0.010034866631031036,-0.0,1.0,0.0,-0.0
1694873376.676907,-0.045,0.865,0.025,0.006674367003142834,-0.0,1.0,0.0,-0.0
1694873376.7264946,-0.045,0.865,0.025,0.006674367003142834,-0.0,1.0,0.0,-0.0
1694873376.7790236,-0.05500000000000001,0.867,0.004,-0.001840628101490438,-0.0,1.0,0.0,-0.0
1694873376.8288045,-0.05500000000000001,0.867,0.004,-0.001840628101490438,-0.0,1.0,0.0,-0.0
1694873376.881121,-0.05500000000000001,0.867,0.004,0.0030483826994895935,-0.0,1.0,0.0,-0.0
1694873376.9304748,-0.05500000000000001,0.867,0.004,0.0030483826994895935,-0.0,1.0,0.0,-0.0
1694873376.983135,-0.056999999999999995,0.875,0.006,-0.003478515660390258,-0.0,1.0,0.0,-0.0
1694873377.0338643,-0.056999999999999995,0.875,0.006,-0.003478515660390258,-0.0,1.0,0.0,-0.0
1694873377.0855093,-0.056999999999999995,0.875,0.006,0.0024530505761504173,-0.0,1.0,0.0,-0.0
1694873377.135719,-0.056999999999999995,0.875,0.006,0.0024530505761504173,-0.0,1.0,0.0,-0.0
1694873377.18733,-0.05,0.8949999999999999,0.013000000000000001,0.01779717579483986,-0.0,1.0,0.0,-0.0
1694873377.1898103,-0.05,0.8949999999999999,0.013000000000000001,0.01779717579483986,-0.0,1.0,0.0,-0.0
1694873377.2957175,-0.05,0.8949999999999999,0.013000000000000001,-0.005468739662319422,-0.0,1.0,0.0,-0.0
1694873377.2981672,-0.05,0.8949999999999999,0.013000000000000001,-0.005468739662319422,-0.0,1.0,0.0,-0.0
1694873377.3438635,-0.043,0.9,0.022,0.00892916414886713,-0.0,1.0,0.0,-0.0
1694873377.3933077,-0.043,0.9,0.022,0.00892916414886713,-0.0,1.0,0.0,-0.0
1694873377.4443243,-0.043,0.9,0.022,0.015717826783657074,-0.0,1.0,0.0,-0.0
1694873377.4951537,-0.043,0.9,0.022,0.015717826783657074,-0.0,1.0,0.0,-0.0
1694873377.546988,-0.062,0.8859999999999999,0.01,-0.009260646998882294,-0.0,1.0,0.0,-0.0
1694873377.5974863,-0.062,0.8859999999999999,0.01,-0.009260646998882294,-0.0,1.0,0.0,-0.0
1694873377.6484995,-0.062,0.8859999999999999,0.01,0.00014787353575229645,-0.0,1.0,0.0,-0.0
1694873377.6993449,-0.062,0.8859999999999999,0.01,0.00014787353575229645,-0.0,1.0,0.0,-0.0
1694873377.75079,-0.066,0.898,0.011,-0.00042426682193763554,-0.0,1.0,0.0,-0.0
1694873377.8014,-0.066,0.898,0.011,-0.00042426682193763554,-0.0,1.0,0.0,-0.0
1694873377.8525612,-0.066,0.898,0.011,0.000365635147318244,-0.0,1.0,0.0,-0.0
1694873377.903003,-0.066,0.898,0.011,0.000365635147318244,-0.0,1.0,0.0,-0.0
1694873377.9571192,-0.063,0.893,0.011,-0.008657637052237988,-0.0,1.0,0.0,-0.0
1694873378.0055802,-0.063,0.893,0.011,-0.008657637052237988,-0.0,1.0,0.0,-0.0
1694873378.0566783,-0.063,0.893,0.011,0.008723154664039612,-0.0,1.0,0.0,-0.0
1694873378.1073875,-0.063,0.893,0.011,0.008723154664039612,-0.0,1.0,0.0,-0.0
1694873378.1588705,-0.065,0.901,0.022,-0.0004206172307021916,-0.0,1.0,0.0,-0.0
1694873378.209452,-0.065,0.901,0.022,-0.0004206172307021916,-0.0,1.0,0.0,-0.0
1694873378.2602682,-0.065,0.901,0.022,0.004553660750389099,-0.0,1.0,0.0,-0.0
1694873378.3106394,-0.065,0.901,0.022,0.004553660750389099,-0.0,1.0,0.0,-0.0
1694873378.363837,-0.067,0.876,0.011,-0.003911181353032589,-0.0,1.0,0.0,-0.0
1694873378.412942,-0.067,0.876,0.011,-0.003911181353032589,-0.0,1.0,0.0,-0.0
1694873378.464876,-0.067,0.876,0.011,-0.009192300960421562,-0.0,1.0,0.0,-0.0
1694873378.5157373,-0.067,0.876,0.011,-0.009192300960421562,-0.0,1.0,0.0,-0.0
1694873378.567027,-0.05500000000000001,0.891,0.02,-0.004243591800332069,-0.0,1.0,0.0,-0.0
1694873378.6182644,-0.05500000000000001,0.891,0.02,-0.004243591800332069,-0.0,1.0,0.0,-0.0
1694873378.6704018,-0.05500000000000001,0.891,0.02,0.005580076947808266,-0.0,1.0,0.0,-0.0
1694873378.7205431,-0.05500000000000001,0.891,0.02,0.005580076947808266,-0.0,1.0,0.0,-0.0
1694873378.7714498,-0.05600000000000001,0.891,0.017,0.0020429547876119614,-0.0,1.0,0.0,-0.0
1694873378.8230727,-0.05600000000000001,0.891,0.017,0.0020429547876119614,-0.0,1.0,0.0,-0.0
1694873378.8747723,-0.05600000000000001,0.891,0.017,-0.00928169209510088,-0.0,1.0,0.0,-0.0
1694873378.9326096,-0.05600000000000001,0.891,0.017,-0.00928169209510088,-0.0,1.0,0.0,-0.0
1694873378.9842246,-0.05600000000000001,0.8939999999999999,0.017,0.004974402021616697,-0.0,1.0,0.0,-0.0
1694873379.0285223,-0.05600000000000001,0.8939999999999999,0.017,0.004974402021616697,-0.0,1.0,0.0,-0.0
1694873379.079567,-0.05600000000000001,0.8939999999999999,0.017,-0.00295012048445642,-0.0,1.0,0.0,-0.0
1694873379.1297235,-0.05600000000000001,0.8939999999999999,0.017,-0.00295012048445642,-0.0,1.0,0.0,-0.0
1694873379.1818118,-0.061,0.889,0.028999999999999998,-2.8116715839132667e-05,-0.0,1.0,0.0,-0.0
1694873379.2319837,-0.061,0.889,0.028999999999999998,-2.8116715839132667e-05,-0.0,1.0,0.0,-0.0
1694873379.283406,-0.061,0.889,0.028999999999999998,0.0011420687660574913,-0.0,1.0,0.0,-0.0
1694873379.3336627,-0.061,0.889,0.028999999999999998,0.0011420687660574913,-0.0,1.0,0.0,-0.0
1694873379.386083,-0.053000000000000005,0.8859999999999999,0.032,0.0044556306675076485,-0.0,1.0,0.0,-0.0
1694873379.4359248,-0.053000000000000005,0.8859999999999999,0.032,0.0044556306675076485,-0.0,1.0,0.0,-0.0
1694873379.488139,-0.053000000000000005,0.8859999999999999,0.032,-0.0045053488574922085,-0.0,1.0,0.0,-0.0
1694873379.492251,-0.053000000000000005,0.8859999999999999,0.032,-0.0045053488574922085,-0.0,1.0,0.0,-0.0
1694873379.5921848,-0.056999999999999995,0.8779999999999999,0.036,-0.0015974235720932484,-0.0,1.0,0.0,-0.0
1694873379.5947046,-0.056999999999999995,0.8779999999999999,0.036,-0.0015974235720932484,-0.0,1.0,0.0,-0.0
1694873379.642829,-0.056999999999999995,0.8779999999999999,0.036,0.0005147552583366632,-0.0,1.0,0.0,-0.0
1694873379.6930137,-0.056999999999999995,0.8779999999999999,0.036,0.0005147552583366632,-0.0,1.0,0.0,-0.0
1694873379.7449484,-0.053000000000000005,0.874,0.031,-0.011995519511401653,-0.0,1.0,0.0,-0.0
1694873379.7952046,-0.053000000000000005,0.874,0.031,-0.011995519511401653,-0.0,1.0,0.0,-0.0
1694873379.8467762,-0.053000000000000005,0.874,0.031,0.01366565190255642,-0.0,1.0,0.0,-0.0
1694873379.8971927,-0.053000000000000005,0.874,0.031,0.01366565190255642,-0.0,1.0,0.0,-0.0
1694873379.9482646,-0.059,0.865,0.028999999999999998,-0.00887802429497242,-0.0,1.0,0.0,-0.0
1694873379.9995313,-0.059,0.865,0.028999999999999998,-0.00887802429497242,-0.0,1.0,0.0,-0.0
1694873380.0507376,-0.059,0.865,0.028999999999999998,0.0006017413688823581,-0.0,1.0,0.0,-0.0
1694873380.1012273,-0.059,0.865,0.028999999999999998,0.0006017413688823581,-0.0,1.0,0.0,-0.0
1694873380.1522126,-0.073,0.8699999999999999,0.024,0.002267546718940139,-0.0,1.0,0.0,-0.0
1694873380.2038608,-0.073,0.8699999999999999,0.024,0.002267546718940139,-0.0,1.0,0.0,-0.0
1694873380.2541802,-0.073,0.8699999999999999,0.024,-0.0007393490523099899,-0.0,1.0,0.0,-0.0
1694873380.3051224,-0.073,0.8699999999999999,0.024,-0.0007393490523099899,-0.0,1.0,0.0,-0.0
1694873380.3646853,-0.065,0.868,0.028999999999999998,0.011138539761304855,-0.0,1.0,0.0,-0.0
1694873380.4079835,-0.065,0.868,0.028999999999999998,0.011138539761304855,-0.0,1.0,0.0,-0.0
1694873380.4593744,-0.065,0.868,0.028999999999999998,0.00241235364228487,-0.0,1.0,0.0,-0.0
1694873380.5107245,-0.065,0.868,0.028999999999999998,0.00241235364228487,-0.0,1.0,0.0,-0.0
1694873380.5608785,-0.059,0.86,0.024,0.01327279768884182,-0.0,1.0,0.0,-0.0
1694873380.6121063,-0.059,0.86,0.024,0.01327279768884182,-0.0,1.0,0.0,-0.0
1694873380.6629865,-0.059,0.86,0.024,0.011648798361420631,-0.0,1.0,0.0,-0.0
1694873380.713831,-0.059,0.86,0.024,0.011648798361420631,-0.0,1.0,0.0,-0.0
1694873380.765574,-0.06,0.866,0.024,0.008203909732401371,-0.0,1.0,0.0,-0.0
1694873380.8161027,-0.06,0.866,0.024,0.008203909732401371,-0.0,1.0,0.0,-0.0
1694873380.8678758,-0.06,0.866,0.024,-0.012151649221777916,-0.0,1.0,0.0,-0.0
1694873380.9176013,-0.06,0.866,0.024,-0.012151649221777916,-0.0,1.0,0.0,-0.0
1694873380.9693558,-0.06899999999999999,0.8640000000000001,0.016,0.0009810829069465399,-0.0,1.0,0.0,-0.0
1694873381.0210137,-0.06899999999999999,0.8640000000000001,0.016,0.0009810829069465399,-0.0,1.0,0.0,-0.0
1694873381.072084,-0.06899999999999999,0.8640000000000001,0.016,0.006062647327780724,-0.0,1.0,0.0,-0.0
1694873381.123151,-0.06899999999999999,0.8640000000000001,0.016,0.006062647327780724,-0.0,1.0,0.0,-0.0
1694873381.1737175,-0.05,0.8699999999999999,0.016,-0.008923007175326347,-0.0,1.0,0.0,-0.0
1694873381.2239947,-0.05,0.8699999999999999,0.016,-0.008923007175326347,-0.0,1.0,0.0,-0.0
1694873381.2756057,-0.05,0.8699999999999999,0.016,-0.0046151806600391865,-0.0,1.0,0.0,-0.0
1694873381.325611,-0.05,0.8699999999999999,0.016,-0.0046151806600391865,-0.0,1.0,0.0,-0.0
1694873381.3782601,-0.054000000000000006,0.868,0.027000000000000003,0.0025624511763453484,-0.0,1.0,0.0,-0.0
1694873381.427615,-0.054000000000000006,0.868,0.027000000000000003,0.0025624511763453484,-0.0,1.0,0.0,-0.0
1694873381.4794858,-0.054000000000000006,0.868,0.027000000000000003,0.008062050677835941,-0.0,1.0,0.0,-0.0
1694873381.5297031,-0.054000000000000006,0.868,0.027000000000000003,0.008062050677835941,-0.0,1.0,0.0,-0.0
1694873381.5809324,-0.059,0.868,0.027000000000000003,-0.0017370072891935706,-0.0,1.0,0.0,-0.0
1694873381.631769,-0.059,0.868,0.027000000000000003,-0.0017370072891935706,-0.0,1.0,0.0,-0.0
1694873381.6835206,-0.059,0.868,0.027000000000000003,0.001232139184139669,-0.0,1.0,0.0,-0.0
1694873381.7335317,-0.059,0.868,0.027000000000000003,0.001232139184139669,-0.0,1.0,0.0,-0.0
1694873381.7850235,-0.056999999999999995,0.865,0.031,-0.005636721849441528,-0.0,1.0,0.0,-0.0
1694873381.8357575,-0.056999999999999995,0.865,0.031,-0.005636721849441528,-0.0,1.0,0.0,-0.0
1694873381.887029,-0.056999999999999995,0.865,0.031,-0.010700673796236515,-0.0,1.0,0.0,-0.0
1694873381.889758,-0.056999999999999995,0.865,0.031,-0.010700673796236515,-0.0,1.0,0.0,-0.0
1694873381.9934437,-0.05,0.869,0.034,0.0059289452619850636,-0.0,1.0,0.0,-0.0
1694873382.0424109,-0.05,0.869,0.034,-0.0017230191733688116,-0.0,1.0,0.0,-0.0
1694873382.0935287,-0.05,0.869,0.034,-0.0017230191733688116,-0.0,1.0,0.0,-0.0
1694873382.144632,-0.057999999999999996,0.869,0.027000000000000003,-0.004353019874542952,-0.0,1.0,0.0,-0.0
1694873382.1959631,-0.057999999999999996,0.869,0.027000000000000003,-0.004353019874542952,-0.0,1.0,0.0,-0.0
1694873382.2462723,-0.057999999999999996,0.869,0.027000000000000003,-0.00010752922389656305,-0.0,1.0,0.0,-0.0
1694873382.2971952,-0.057999999999999996,0.869,0.027000000000000003,-0.00010752922389656305,-0.0,1.0,0.0,-0.0
1694873382.349588,-0.05500000000000001,0.8699999999999999,0.031,0.007382670417428017,-0.0,1.0,0.0,-0.0
1694873382.3990304,-0.05500000000000001,0.8699999999999999,0.031,0.007382670417428017,-0.0,1.0,0.0,-0.0
1694873382.450632,-0.05500000000000001,0.8699999999999999,0.031,-0.005346797872334719,-0.0,1.0,0.0,-0.0
1694873382.5010886,-0.05500000000000001,0.8699999999999999,0.031,-0.005346797872334719,-0.0,1.0,0.0,-0.0
1694873382.5521853,-0.056999999999999995,0.882,0.04,-0.00978299044072628,-0.0,1.0,0.0,-0.0
1694873382.6031911,-0.056999999999999995,0.882,0.04,-0.00978299044072628,-0.0,1.0,0.0,-0.0
1694873382.654882,-0.056999999999999995,0.882,0.04,-0.002286136383190751,-0.0,1.0,0.0,-0.0
1694873382.707184,-0.056999999999999995,0.882,0.04,-0.002286136383190751,-0.0,1.0,0.0,-0.0
1694873382.7577398,-0.05600000000000001,0.893,0.025,-0.005624856799840927,-0.0,1.0,0.0,-0.0
1694873382.8077204,-0.05600000000000001,0.893,0.025,-0.005624856799840927,-0.0,1.0,0.0,-0.0
1694873382.8592784,-0.05600000000000001,0.893,0.025,0.0033691676799207926,-0.0,1.0,0.0,-0.0
1694873382.9096384,-0.05600000000000001,0.893,0.025,0.0033691676799207926,-0.0,1.0,0.0,-0.0
1694873382.962371,-0.059,0.881,0.01,0.003701938549056649,-0.0,1.0,0.0,-0.0
1694873383.01198,-0.059,0.881,0.01,0.003701938549056649,-0.0,1.0,0.0,-0.0
1694873383.0628984,-0.059,0.881,0.01,-0.007822589948773384,-0.0,1.0,0.0,-0.0
1694873383.1137495,-0.059,0.881,0.01,-0.007822589948773384,-0.0,1.0,0.0,-0.0
1694873383.1657736,-0.062,0.8630000000000001,0.009,-0.004094613250344992,-0.0,1.0,0.0,-0.0
1694873383.216331,-0.062,0.8630000000000001,0.009,-0.004094613250344992,-0.0,1.0,0.0,-0.0
1694873383.266827,-0.062,0.8630000000000001,0.009,-7.699080742895603e-05,-0.0,1.0,0.0,-0.0
1694873383.3184657,-0.062,0.8630000000000001,0.009,-7.699080742895603e-05,-0.0,1.0,0.0,-0.0
1694873383.369601,-0.062,0.866,0.015,0.006048847921192646,-0.0,1.0,0.0,-0.0
1694873383.4197578,-0.062,0.866,0.015,0.006048847921192646,-0.0,1.0,0.0,-0.0
1694873383.4717042,-0.062,0.866,0.015,-0.000536465086042881,-0.0,1.0,0.0,-0.0
1694873383.5223641,-0.062,0.866,0.015,-0.000536465086042881,-0.0,1.0,0.0,-0.0
1694873383.5743065,-0.057999999999999996,0.8800000000000001,0.025,0.003049864200875163,-0.0,1.0,0.0,-0.0
1694873383.6265807,-0.057999999999999996,0.8800000000000001,0.025,0.003049864200875163,-0.0,1.0,0.0,-0.0
1694873383.676749,-0.057999999999999996,0.8800000000000001,0.025,-0.01099131628870964,-0.0,1.0,0.0,-0.0
1694873383.727561,-0.057999999999999996,0.8800000000000001,0.025,-0.01099131628870964,-0.0,1.0,0.0,-0.0
1694873383.778081,-0.056999999999999995,0.877,0.025,0.01444508507847786,-0.0,1.0,0.0,-0.0
1694873383.828776,-0.056999999999999995,0.877,0.025,0.01444508507847786,-0.0,1.0,0.0,-0.0
1694873383.8807056,-0.056999999999999995,0.877,0.025,-0.004837417975068092,-0.0,1.0,0.0,-0.0
1694873383.9301639,-0.056999999999999995,0.877,0.025,-0.004837417975068092,-0.0,1.0,0.0,-0.0
1694873383.9822037,-0.061,0.868,0.037,0.002131335437297821,-0.0,1.0,0.0,-0.0
1694873384.0327857,-0.061,0.868,0.037,0.002131335437297821,-0.0,1.0,0.0,-0.0
1694873384.0848424,-0.061,0.868,0.037,-0.007763709407299757,-0.0,1.0,0.0,-0.0
1694873384.1344924,-0.061,0.868,0.037,-0.007763709407299757,-0.0,1.0,0.0,-0.0
1694873384.187069,-0.052000000000000005,0.885,0.031,-0.005228846799582243,-0.0,1.0,0.0,-0.0
1694873384.2382832,-0.052000000000000005,0.885,0.031,-0.005228846799582243,-0.0,1.0,0.0,-0.0
1694873384.289336,-0.052000000000000005,0.885,0.031,-0.004626750014722347,-0.0,1.0,0.0,-0.0
1694873384.2915716,-0.052000000000000005,0.885,0.031,-0.004626750014722347,-0.0,1.0,0.0,-0.0
1694873384.3915212,-0.057999999999999996,0.875,0.025,0.0005859275115653872,-0.0,1.0,0.0,-0.0
1694873384.3942559,-0.057999999999999996,0.875,0.025,0.0005859275115653872,-0.0,1.0,0.0,-0.0
1694873384.4426126,-0.057999999999999996,0.875,0.025,-0.004420509561896324,-0.0,1.0,0.0,-0.0
1694873384.492887,-0.057999999999999996,0.875,0.025,-0.004420509561896324,-0.0,1.0,0.0,-0.0
1694873384.54507,-0.059,0.868,0.034,0.0068728988990187645,-0.0,1.0,0.0,-0.0
1694873384.5953715,-0.059,0.868,0.034,0.0068728988990187645,-0.0,1.0,0.0,-0.0
1694873384.6465893,-0.059,0.868,0.034,-0.009259356185793877,-0.0,1.0,0.0,-0.0
1694873384.697096,-0.059,0.868,0.034,-0.009259356185793877,-0.0,1.0,0.0,-0.0
1694873384.7485504,-0.05500000000000001,0.8630000000000001,0.028000000000000004,0.003608616068959236,-0.0,1.0,0.0,-0.0
1694873384.7989316,-0.05500000000000001,0.8630000000000001,0.028000000000000004,0.003608616068959236,-0.0,1.0,0.0,-0.0
1694873384.850569,-0.05500000000000001,0.8630000000000001,0.028000000000000004,-0.003973319195210934,-0.0,1.0,0.0,-0.0
1694873384.9011397,-0.05500000000000001,0.8630000000000001,0.028000000000000004,-0.003973319195210934,-0.0,1.0,0.0,-0.0
1694873384.953445,-0.053000000000000005,0.866,0.027000000000000003,-0.0053697009570896626,-0.0,1.0,0.0,-0.0
1694873385.0042675,-0.053000000000000005,0.866,0.027000000000000003,-0.0053697009570896626,-0.0,1.0,0.0,-0.0
1694873385.0549927,-0.053000000000000005,0.866,0.027000000000000003,0.01117005292326212,-0.0,1.0,0.0,-0.0
1694873385.105774,-0.053000000000000005,0.866,0.027000000000000003,0.01117005292326212,-0.0,1.0,0.0,-0.0
1694873385.1569548,-0.056999999999999995,0.8539999999999999,0.024,-0.0017310210969299078,-0.0,1.0,0.0,-0.0
1694873385.2065604,-0.056999999999999995,0.8539999999999999,0.024,-0.0017310210969299078,-0.0,1.0,0.0,-0.0
1694873385.2579026,-0.056999999999999995,0.8539999999999999,0.024,-0.016761085018515587,-0.0,1.0,0.0,-0.0
1694873385.3082566,-0.056999999999999995,0.8539999999999999,0.024,-0.016761085018515587,-0.0,1.0,0.0,-0.0
1694873385.3610432,-0.052000000000000005,0.859,0.020999999999999998,0.008237490430474281,-0.0,1.0,0.0,-0.0
1694873385.4119565,-0.052000000000000005,0.859,0.020999999999999998,0.008237490430474281,-0.0,1.0,0.0,-0.0
1694873385.4636142,-0.052000000000000005,0.859,0.020999999999999998,-0.007942451164126396,-0.0,1.0,0.0,-0.0
1694873385.5161386,-0.052000000000000005,0.859,0.020999999999999998,-0.007942451164126396,-0.0,1.0,0.0,-0.0
1694873385.5664577,-0.048,0.859,0.013000000000000001,-0.0019374741241335869,-0.0,1.0,0.0,-0.0
1694873385.6169722,-0.048,0.859,0.013000000000000001,-0.0019374741241335869,-0.0,1.0,0.0,-0.0
1694873385.6680348,-0.048,0.859,0.013000000000000001,0.012444734573364258,-0.0,1.0,0.0,-0.0
1694873385.718348,-0.048,0.859,0.013000000000000001,0.012444734573364258,-0.0,1.0,0.0,-0.0
1694873385.7701106,-0.046,0.86,0.017,-0.0005746004753746092,-0.0,1.0,0.0,-0.0
1694873385.822161,-0.046,0.86,0.017,-0.0005746004753746092,-0.0,1.0,0.0,-0.0
1694873385.8729446,-0.046,0.86,0.017,-0.003836949123069644,-0.0,1.0,0.0,-0.0
1694873385.9220467,-0.046,0.86,0.017,-0.003836949123069644,-0.0,1.0,0.0,-0.0
1694873385.9746969,-0.05,0.852,0.020999999999999998,0.009935644455254078,-0.0,1.0,0.0,-0.0
1694873386.0243886,-0.05,0.852,0.020999999999999998,0.009935644455254078,-0.0,1.0,0.0,-0.0
1694873386.0764747,-0.05,0.852,0.020999999999999998,0.011995157226920128,-0.0,1.0,0.0,-0.0
1694873386.1260715,-0.05,0.852,0.020999999999999998,0.011995157226920128,-0.0,1.0,0.0,-0.0
1694873386.1786268,-0.05,0.861,0.024,-0.007643052376806736,-0.0,1.0,0.0,-0.0
1694873386.2283745,-0.05,0.861,0.024,-0.007643052376806736,-0.0,1.0,0.0,-0.0
1694873386.2805326,-0.05,0.861,0.024,-0.010780277661979198,-0.0,1.0,0.0,-0.0
1694873386.3301036,-0.05,0.861,0.024,-0.010780277661979198,-0.0,1.0,0.0,-0.0
1694873386.3835351,-0.056999999999999995,0.8630000000000001,0.026000000000000002,0.010599866509437561,-0.0,1.0,0.0,-0.0
1694873386.4323988,-0.056999999999999995,0.8630000000000001,0.026000000000000002,0.010599866509437561,-0.0,1.0,0.0,-0.0
1694873386.4847815,-0.056999999999999995,0.8630000000000001,0.026000000000000002,0.006243686191737652,-0.0,1.0,0.0,-0.0
1694873386.534684,-0.056999999999999995,0.8630000000000001,0.026000000000000002,0.006243686191737652,-0.0,1.0,0.0,-0.0
1694873386.5868402,-0.041999999999999996,0.874,0.024,0.004804284777492285,-0.0,1.0,0.0,-0.0
1694873386.6375055,-0.041999999999999996,0.874,0.024,0.004804284777492285,-0.0,1.0,0.0,-0.0
1694873386.6897454,-0.041999999999999996,0.874,0.024,-0.009592338465154171,-0.0,1.0,0.0,-0.0
1694873386.6912413,-0.041999999999999996,0.874,0.024,-0.009592338465154171,-0.0,1.0,0.0,-0.0
1694873386.7407722,-0.05,0.8720000000000001,0.016,0.001356180990114808,-0.0,1.0,0.0,-0.0
1694873386.7939749,-0.05,0.8720000000000001,0.016,0.001356180990114808,-0.0,1.0,0.0,-0.0
1694873386.8432167,-0.05,0.8720000000000001,0.016,0.007196809630841017,-0.0,1.0,0.0,-0.0
1694873386.8940785,-0.05,0.8720000000000001,0.016,0.007196809630841017,-0.0,1.0,0.0,-0.0
1694873386.9453156,-0.052000000000000005,0.8619999999999999,0.015,0.00028617563657462597,-0.0,1.0,0.0,-0.0
1694873386.9962323,-0.052000000000000005,0.8619999999999999,0.015,0.00028617563657462597,-0.0,1.0,0.0,-0.0
1694873387.0482082,-0.052000000000000005,0.8619999999999999,0.015,-0.003267589258030057,-0.0,1.0,0.0,-0.0
1694873387.0984328,-0.052000000000000005,0.8619999999999999,0.015,-0.003267589258030057,-0.0,1.0,0.0,-0.0
1694873387.1495514,-0.054000000000000006,0.8539999999999999,0.015,-6.429734639823437e-05,-0.0,1.0,0.0,-0.0
1694873387.2012746,-0.054000000000000006,0.8539999999999999,0.015,-6.429734639823437e-05,-0.0,1.0,0.0,-0.0
1694873387.2518873,-0.054000000000000006,0.8539999999999999,0.015,-0.005381252616643906,-0.0,1.0,0.0,-0.0
1694873387.3026795,-0.054000000000000006,0.8539999999999999,0.015,-0.005381252616643906,-0.0,1.0,0.0,-0.0
1694873387.3556101,-0.053000000000000005,0.85,0.01,0.005895368754863739,-0.0,1.0,0.0,-0.0
1694873387.4077241,-0.053000000000000005,0.85,0.01,0.005895368754863739,-0.0,1.0,0.0,-0.0
1694873387.4583483,-0.053000000000000005,0.85,0.01,-0.0022794948890805244,-0.0,1.0,0.0,-0.0
1694873387.507294,-0.053000000000000005,0.85,0.01,-0.0022794948890805244,-0.0,1.0,0.0,-0.0
1694873387.5590007,-0.040999999999999995,0.852,0.002,-0.002113786991685629,-0.0,1.0,0.0,-0.0
1694873387.6103406,-0.040999999999999995,0.852,0.002,-0.002113786991685629,-0.0,1.0,0.0,-0.0
1694873387.6609528,-0.040999999999999995,0.852,0.002,0.0016336023109033704,-0.0,1.0,0.0,-0.0
1694873387.7114387,-0.040999999999999995,0.852,0.002,0.0016336023109033704,-0.0,1.0,0.0,-0.0
1694873387.7633138,-0.061,0.8380000000000001,-0.0,0.009757871739566326,-0.0,1.0,0.0,-0.0
1694873387.813836,-0.061,0.8380000000000001,-0.0,0.009757871739566326,-0.0,1.0,0.0,-0.0
1694873387.865673,-0.061,0.8380000000000001,-0.0,0.012770963832736015,-0.0,1.0,0.0,-0.0
1694873387.9152822,-0.061,0.8380000000000001,-0.0,0.012770963832736015,-0.0,1.0,0.0,-0.0
1694873387.9672287,-0.057999999999999996,0.837,0.012,0.0038739503361284733,-0.0,1.0,0.0,-0.0
1694873388.0179346,-0.057999999999999996,0.837,0.012,0.0038739503361284733,-0.0,1.0,0.0,-0.0
1694873388.0686362,-0.057999999999999996,0.837,0.012,-0.004745227750390768,-0.0,1.0,0.0,-0.0
1694873388.1194339,-0.057999999999999996,0.837,0.012,-0.004745227750390768,-0.0,1.0,0.0,-0.0
1694873388.171703,-0.066,0.8560000000000001,0.011,-0.005857118871062994,-0.0,1.0,0.0,-0.0
1694873388.225035,-0.066,0.8560000000000001,0.011,-0.005857118871062994,-0.0,1.0,0.0,-0.0
1694873388.273883,-0.066,0.8560000000000001,0.011,-0.009122306481003761,-0.0,1.0,0.0,-0.0
1694873388.3249223,-0.066,0.8560000000000001,0.011,-0.009122306481003761,-0.0,1.0,0.0,-0.0
1694873388.3767364,-0.049,0.8710000000000001,0.028999999999999998,-0.0023537082597613335,-0.0,1.0,0.0,-0.0
1694873388.4260812,-0.049,0.8710000000000001,0.028999999999999998,-0.0023537082597613335,-0.0,1.0,0.0,-0.0
1694873388.4791052,-0.049,0.8710000000000001,0.028999999999999998,-0.000328899739542976,-0.0,1.0,0.0,-0.0
1694873388.5286093,-0.049,0.8710000000000001,0.028999999999999998,-0.000328899739542976,-0.0,1.0,0.0,-0.0
1694873388.5793865,-0.043,0.868,0.026000000000000002,-0.0007768371142446995,-0.0,1.0,0.0,-0.0
1694873388.630974,-0.043,0.868,0.026000000000000002,-0.0007768371142446995,-0.0,1.0,0.0,-0.0
1694873388.6820788,-0.043,0.868,0.026000000000000002,-0.00961716566234827,-0.0,1.0,0.0,-0.0
1694873388.733141,-0.043,0.868,0.026000000000000002,-0.00961716566234827,-0.0,1.0,0.0,-0.0
1694873388.7842524,-0.045,0.873,0.038,-7.147085852921009e-05,-0.0,1.0,0.0,-0.0
1694873388.8390334,-0.045,0.873,0.038,-7.147085852921009e-05,-0.0,1.0,0.0,-0.0
1694873388.8865047,-0.045,0.873,0.038,-0.002008541487157345,-0.0,1.0,0.0,-0.0
1694873388.888523,-0.045,0.873,0.038,-0.002008541487157345,-0.0,1.0,0.0,-0.0
1694873388.9886484,-0.054000000000000006,0.8710000000000001,0.028999999999999998,-0.004426939878612757,-0.0,1.0,0.0,-0.0
1694873388.9912982,-0.054000000000000006,0.8710000000000001,0.028999999999999998,-0.004426939878612757,-0.0,1.0,0.0,-0.0
1694873389.093638,-0.054000000000000006,0.8710000000000001,0.028999999999999998,-0.006214173510670662,-0.0,1.0,0.0,-0.0
1694873389.0956333,-0.054000000000000006,0.8710000000000001,0.028999999999999998,-0.006214173510670662,-0.0,1.0,0.0,-0.0
1694873389.1444998,-0.053000000000000005,0.8720000000000001,0.032,2.7589965611696243e-05,-0.0,1.0,0.0,-0.0
1694873389.1951506,-0.053000000000000005,0.8720000000000001,0.032,2.7589965611696243e-05,-0.0,1.0,0.0,-0.0
1694873389.2466104,-0.053000000000000005,0.8720000000000001,0.032,-0.003490581875666976,-0.0,1.0,0.0,-0.0
1694873389.2966778,-0.053000000000000005,0.8720000000000001,0.032,-0.003490581875666976,-0.0,1.0,0.0,-0.0
1694873389.3493023,-0.047,0.873,0.017,0.014169272035360336,-0.0,1.0,0.0,-0.0
1694873389.3991132,-0.047,0.873,0.017,0.014169272035360336,-0.0,1.0,0.0,-0.0
1694873389.4507606,-0.047,0.873,0.017,0.009336858987808228,-0.0,1.0,0.0,-0.0
1694873389.501184,-0.047,0.873,0.017,0.009336858987808228,-0.0,1.0,0.0,-0.0
1694873389.5545454,-0.05,0.868,0.014000000000000002,-0.0017849269788712263,-0.0,1.0,0.0,-0.0
1694873389.6047816,-0.05,0.868,0.014000000000000002,-0.0017849269788712263,-0.0,1.0,0.0,-0.0
1694873389.6552396,-0.05,0.868,0.014000000000000002,0.003669183934107423,-0.0,1.0,0.0,-0.0
1694873389.70532,-0.05,0.868,0.014000000000000002,0.003669183934107423,-0.0,1.0,0.0,-0.0
1694873389.7581396,-0.059,0.8619999999999999,0.011,0.00646362267434597,-0.0,1.0,0.0,-0.0
1694873389.8088996,-0.059,0.8619999999999999,0.011,0.00646362267434597,-0.0,1.0,0.0,-0.0
1694873389.858586,-0.059,0.8619999999999999,0.011,-0.006416907534003258,-0.0,1.0,0.0,-0.0
1694873389.9094307,-0.059,0.8619999999999999,0.011,-0.006416907534003258,-0.0,1.0,0.0,-0.0
1694873389.9610999,-0.057999999999999996,0.861,0.017,-0.004590129479765892,-0.0,1.0,0.0,-0.0
1694873390.0117264,-0.057999999999999996,0.861,0.017,-0.004590129479765892,-0.0,1.0,0.0,-0.0
1694873390.062625,-0.057999999999999996,0.861,0.017,-0.004518056288361549,-0.0,1.0,0.0,-0.0
1694873390.1134002,-0.057999999999999996,0.861,0.017,-0.004518056288361549,-0.0,1.0,0.0,-0.0
1694873390.1649055,-0.059,0.8539999999999999,0.016,-0.006255238316953182,-0.0,1.0,0.0,-0.0
1694873390.2168255,-0.059,0.8539999999999999,0.016,-0.006255238316953182,-0.0,1.0,0.0,-0.0
1694873390.2665687,-0.059,0.8539999999999999,0.016,-0.009621680714190006,-0.0,1.0,0.0,-0.0
1694873390.3174987,-0.059,0.8539999999999999,0.016,-0.009621680714190006,-0.0,1.0,0.0,-0.0
1694873390.3707838,-0.040999999999999995,0.869,0.019,0.002181082731112838,-0.0,1.0,0.0,-0.0
1694873390.4194188,-0.040999999999999995,0.869,0.019,0.002181082731112838,-0.0,1.0,0.0,-0.0
1694873390.4705513,-0.040999999999999995,0.869,0.019,-0.0021723578684031963,-0.0,1.0,0.0,-0.0
1694873390.524099,-0.040999999999999995,0.869,0.019,-0.0021723578684031963,-0.0,1.0,0.0,-0.0
1694873390.5742068,-0.041999999999999996,0.869,0.025,-0.020659536123275757,-0.0,1.0,0.0,-0.0
1694873390.6241007,-0.041999999999999996,0.869,0.025,-0.020659536123275757,-0.0,0.0,0.0,-0.0
1694873390.6763637,-0.041999999999999996,0.869,0.025,-0.006098030600696802,-0.0,0.0,0.0,-0.0
1694873390.727948,-0.041999999999999996,0.869,0.025,-0.006098030600696802,-0.0,0.0,0.0,-0.0
1694873390.7784257,-0.048,0.861,0.028999999999999998,-0.0023334382567554712,-0.0,0.0,0.0,-0.0
1694873390.8281052,-0.048,0.861,0.028999999999999998,-0.0023334382567554712,-0.0,0.0,0.0,-0.0
1694873390.880332,-0.048,0.861,0.028999999999999998,-0.015283022075891495,-0.0,0.0,0.0,-0.0
1694873390.9299784,-0.048,0.861,0.028999999999999998,-0.015283022075891495,-0.0,0.0,0.0,-0.0
1694873390.9824097,-0.044,0.741,0.031,0.0032256520353257656,-0.0,0.0,0.0,-0.0
1694873391.0328093,-0.044,0.741,0.031,0.0032256520353257656,-0.0,0.0,0.0,-0.0
1694873391.0866013,-0.044,0.741,0.031,-0.005846502259373665,-0.0,0.0,0.0,-0.0
1694873391.1352413,-0.044,0.741,0.031,-0.005846502259373665,-0.0,0.0,0.0,-0.0
1694873391.1876833,-0.037,0.622,0.024,-0.004423744045197964,-0.0,0.0,0.0,-0.0
1694873391.190488,-0.037,0.622,0.024,-0.004423744045197964,-0.0,0.0,0.0,-0.0
1694873391.2907102,-0.037,0.622,0.024,0.004917105194181204,-0.0,0.0,0.0,-0.0
1694873391.29275,-0.037,0.622,0.024,0.004917105194181204,-0.0,0.0,0.0,-0.0
1694873391.3418088,-0.034999999999999996,0.493,0.031,0.0011875502532348037,-0.0,0.0,0.0,-0.0
1694873391.3922117,-0.034999999999999996,0.493,0.031,0.0011875502532348037,-0.0,0.0,0.0,-0.0
1694873391.443026,-0.034999999999999996,0.493,0.031,0.0017741809133440256,-0.0,0.0,0.0,-0.0
1694873391.4945085,-0.034999999999999996,0.493,0.031,0.0017741809133440256,-0.0,0.0,0.0,-0.0
1694873391.545888,-0.028000000000000004,0.399,0.028000000000000004,-0.0058075739070773125,-0.0,0.0,0.0,-0.0
1694873391.5964248,-0.028000000000000004,0.399,0.028000000000000004,-0.0058075739070773125,-0.0,0.0,0.0,-0.0
1694873391.6470077,-0.028000000000000004,0.399,0.028000000000000004,-0.002918506972491741,-0.0,0.0,0.0,-0.0
1694873391.697987,-0.028000000000000004,0.399,0.028000000000000004,-0.002918506972491741,-0.0,0.0,0.0,-0.0
1694873391.748824,-0.015,0.294,-0.0,-0.0018144178902730346,-0.0,0.0,0.0,-0.0
1694873391.8001978,-0.015,0.294,-0.0,-0.0018144178902730346,-0.0,0.0,0.0,-0.0
1694873391.853856,-0.015,0.294,-0.0,0.002144870813935995,-0.0,0.0,0.0,-0.0
1694873391.9030704,-0.015,0.294,-0.0,0.002144870813935995,-0.0,0.0,0.0,-0.0
1694873391.9570107,-0.025,0.213,-0.004,-0.0025042970664799213,-0.0,0.0,0.0,-0.0
1694873392.0043833,-0.025,0.213,-0.004,-0.0025042970664799213,-0.0,0.0,0.0,-0.0
1694873392.0575771,-0.025,0.213,-0.004,-0.004553500097244978,-0.0,0.0,0.0,-0.0
1694873392.1074693,-0.025,0.213,-0.004,-0.004553500097244978,-0.0,0.0,0.0,-0.0
1694873392.1602132,-0.016,0.184,-0.011,-0.006073425058275461,-0.0,0.0,0.0,-0.0
1694873392.2095716,-0.016,0.184,-0.011,-0.006073425058275461,-0.0,0.0,0.0,-0.0
1694873392.2608624,-0.016,0.184,-0.011,-0.003281976096332073,-0.0,0.0,0.0,-0.0
1694873392.3112657,-0.016,0.184,-0.011,-0.003281976096332073,-0.0,0.0,0.0,-0.0
1694873392.363371,-0.003,0.13899999999999998,-0.005,0.003824985818937421,-0.0,0.0,0.0,-0.0
1694873392.4157188,-0.003,0.13899999999999998,-0.005,0.003824985818937421,-0.0,0.0,0.0,-0.0
1694873392.465093,-0.003,0.13899999999999998,-0.005,0.006706194020807743,-0.0,0.0,0.0,-0.0
1694873392.516716,-0.003,0.13899999999999998,-0.005,0.006706194020807743,-0.0,0.0,0.0,-0.0
1694873392.5682168,0.001,0.022,0.009,-0.001723690889775753,-0.0,0.0,0.0,-0.0
1694873392.618815,0.001,0.022,0.009,-0.001723690889775753,-0.0,0.0,0.0,-0.0
1694873392.6707716,0.001,0.022,0.009,-0.004128892906010151,-0.0,0.0,0.0,-0.0
1694873392.7234974,0.001,0.022,0.009,-0.004128892906010151,-0.0,0.0,0.0,-0.0
1694873392.7740386,-0.002,-0.033,0.01,-0.004030246287584305,-0.0,0.0,0.0,-0.0
1694873392.821972,-0.002,-0.033,0.01,-0.004030246287584305,-0.0,0.0,0.0,-0.0
1694873392.8757102,-0.002,-0.033,0.01,0.0008287575328722596,-0.0,0.0,0.0,-0.0
1694873392.9249973,-0.002,-0.033,0.01,0.0008287575328722596,-0.0,0.0,0.0,-0.0
1694873392.9780376,-0.001,-0.061,0.006,-0.0007174356142058969,-0.0,0.0,0.0,-0.0
1694873393.0272112,-0.001,-0.061,0.006,-0.0007174356142058969,-0.0,0.0,0.0,-0.0
1694873393.0806124,-0.001,-0.061,0.006,0.004560255911201239,-0.0,0.0,0.0,-0.0
1694873393.12908,-0.001,-0.061,0.006,0.004560255911201239,-0.0,0.0,0.0,-0.0
1694873393.182776,-0.007000000000000001,-0.046,0.013000000000000001,-0.0010172480251640081,-0.0,0.0,0.0,-0.0
1694873393.2312095,-0.007000000000000001,-0.046,0.013000000000000001,-0.0010172480251640081,-0.0,0.0,0.0,-0.0
1694873393.2874072,-0.007000000000000001,-0.046,0.013000000000000001,0.003923994023352861,-0.0,0.0,0.0,-0.0
1694873393.3341558,-0.007000000000000001,-0.046,0.013000000000000001,0.003923994023352861,-0.0,0.0,0.0,-0.0
1694873393.3891325,-0.006,-0.040999999999999995,0.018,0.0018704179674386978,-0.0,0.0,0.0,-0.0
1694873393.391787,-0.006,-0.040999999999999995,0.018,0.0018704179674386978,-0.0,0.0,0.0,-0.0
1694873393.48963,-0.006,-0.040999999999999995,0.018,-0.004316320642828941,-0.0,0.0,0.0,-0.0
1694873393.491748,-0.006,-0.040999999999999995,0.018,-0.004316320642828941,-0.0,0.0,0.0,-0.0
1694873393.5407875,-0.005,-0.022,0.014000000000000002,-0.0066694896668195724,-0.0,0.0,0.0,-0.0
1694873393.5926707,-0.005,-0.022,0.014000000000000002,-0.0066694896668195724,-0.0,0.0,0.0,-0.0
1694873393.641724,-0.005,-0.022,0.014000000000000002,0.0031494738068431616,-0.0,0.0,0.0,-0.0
1694873393.6928,-0.005,-0.022,0.014000000000000002,0.0031494738068431616,-0.0,0.0,0.0,-0.0
1694873393.7437592,-0.005,0.002,0.006,-0.006804740987718105,-0.0,0.0,0.0,-0.0
1694873393.7956421,-0.005,0.002,0.006,-0.006804740987718105,-0.0,0.0,0.0,-0.0
1694873393.8472183,-0.005,0.002,0.006,-0.012753062881529331,-0.0,0.0,0.0,-0.0
1694873393.8984716,-0.005,0.002,0.006,-0.012753062881529331,-0.0,0.0,0.0,-0.0
1694873393.9498193,-0.005,0.017,-0.008,-0.0013703429140150547,-0.0,0.0,0.0,-0.0
1694873394.000767,-0.005,0.017,-0.008,-0.0013703429140150547,-0.0,0.0,0.0,-0.0
1694873394.0516064,-0.005,0.017,-0.008,-0.006650448311120272,-0.0,0.0,0.0,-0.0
1694873394.1019397,-0.005,0.017,-0.008,-0.006650448311120272,-0.0,0.0,0.0,-0.0
1694873394.1528735,-0.002,0.024,-0.014000000000000002,0.005173540208488703,-0.0,0.0,0.0,-0.0
1694873394.20483,-0.002,0.024,-0.014000000000000002,0.005173540208488703,-0.0,0.0,0.0,-0.0
1694873394.25451,-0.002,0.024,-0.014000000000000002,-0.005564042367041111,-0.0,0.0,0.0,-0.0
1694873394.3052156,-0.002,0.024,-0.014000000000000002,-0.005564042367041111,-0.0,0.0,0.0,-0.0
1694873394.3569932,0.007000000000000001,0.040999999999999995,-0.012,-0.001159954583272338,-0.0,0.0,0.0,-0.0
1694873394.407718,0.007000000000000001,0.040999999999999995,-0.012,-0.001159954583272338,-0.0,0.0,0.0,-0.0
1694873394.458886,0.007000000000000001,0.040999999999999995,-0.012,-0.0077478596940636635,-0.0,0.0,0.0,-0.0
1694873394.5091453,0.007000000000000001,0.040999999999999995,-0.012,-0.0077478596940636635,-0.0,0.0,0.0,-0.0
1694873394.560923,0.0,0.013000000000000001,-0.001,-0.013114027678966522,-0.0,0.0,0.0,-0.0
1694873394.6137884,0.0,0.013000000000000001,-0.001,-0.013114027678966522,-0.0,0.0,0.0,-0.0
1694873394.6645963,0.0,0.013000000000000001,-0.001,0.003002992831170559,-0.0,0.0,0.0,-0.0
1694873394.7157059,0.0,0.013000000000000001,-0.001,0.003002992831170559,-0.0,0.0,0.0,-0.0
1694873394.7663667,0.0,0.004,0.011,-0.006392250768840313,-0.0,-1.0,0.0,-0.0
1694873394.8170366,0.0,0.004,0.011,-0.006392250768840313,-0.0,-1.0,0.0,-0.0
1694873394.8687634,0.0,0.004,0.011,-0.007266266271471977,-0.0,-1.0,0.0,-0.0
1694873394.9191077,0.0,0.004,0.011,-0.007266266271471977,-0.0,-1.0,0.0,-0.0
1694873394.971078,0.009,0.001,-0.0,-0.006559379398822784,-0.0,-1.0,0.0,-0.0
1694873395.0215015,0.009,0.001,-0.0,-0.006559379398822784,-0.0,-1.0,0.0,-0.0
1694873395.0733514,0.009,0.001,-0.0,0.01207064837217331,-0.0,-1.0,0.0,-0.0
1694873395.1231372,0.009,0.001,-0.0,0.01207064837217331,-0.0,-1.0,0.0,-0.0
1694873395.1752992,0.009,-0.13899999999999998,-0.014000000000000002,0.003245283616706729,-0.0,-1.0,0.0,-0.0
1694873395.2259052,0.009,-0.13899999999999998,-0.014000000000000002,0.003245283616706729,-0.0,-1.0,0.0,-0.0
1694873395.2788115,0.009,-0.13899999999999998,-0.014000000000000002,0.0015140887117013335,-0.0,-1.0,0.0,-0.0
1694873395.327741,0.009,-0.13899999999999998,-0.014000000000000002,0.0015140887117013335,-0.0,-1.0,0.0,-0.0
1694873395.381539,0.026000000000000002,-0.292,-0.032,-0.00883867684751749,-0.0,-1.0,0.0,-0.0
1694873395.439398,0.026000000000000002,-0.292,-0.032,-0.00883867684751749,-0.0,-1.0,0.0,-0.0
1694873395.482359,0.026000000000000002,-0.292,-0.032,-0.011823493987321854,-0.0,-1.0,0.0,-0.0
1694873395.5330646,0.026000000000000002,-0.292,-0.032,-0.011823493987321854,-0.0,-1.0,0.0,-0.0
1694873395.5873055,0.027000000000000003,-0.46399999999999997,-0.028000000000000004,0.0037797626573592424,-0.0,-1.0,0.0,-0.0
1694873395.6360667,0.027000000000000003,-0.46399999999999997,-0.028000000000000004,0.0037797626573592424,-0.0,-1.0,0.0,-0.0
1694873395.6874936,0.027000000000000003,-0.46399999999999997,-0.028000000000000004,-0.000633143587037921,-0.0,-1.0,0.0,-0.0
1694873395.6898437,0.027000000000000003,-0.46399999999999997,-0.028000000000000004,-0.000633143587037921,-0.0,-1.0,0.0,-0.0
1694873395.7403953,0.03,-0.5900000000000001,-0.022,0.005154822487384081,-0.0,-1.0,0.0,-0.0
1694873395.7935486,0.03,-0.5900000000000001,-0.022,0.005154822487384081,-0.0,-1.0,0.0,-0.0
1694873395.8451996,0.03,-0.5900000000000001,-0.022,0.0025759048294276,-0.0,-1.0,0.0,-0.0
1694873395.892736,0.03,-0.5900000000000001,-0.022,0.0025759048294276,-0.0,-1.0,0.0,-0.0
1694873395.9442432,0.028999999999999998,-0.65,-0.004,0.004961241036653519,-0.0,-1.0,0.0,-0.0
1694873395.9952967,0.028999999999999998,-0.65,-0.004,0.004961241036653519,-0.0,-1.0,0.0,-0.0
1694873396.0464847,0.028999999999999998,-0.65,-0.004,-0.010846332646906376,-0.0,-1.0,0.0,-0.0
1694873396.0964751,0.028999999999999998,-0.65,-0.004,-0.010846332646906376,-0.0,-1.0,0.0,-0.0
1694873396.1482363,0.027000000000000003,-0.706,-0.0,-0.028050897642970085,-0.0,-1.0,0.0,-0.0
1694873396.1986868,0.027000000000000003,-0.706,-0.0,-0.028050897642970085,-0.0,-1.0,0.0,-0.0
1694873396.2503743,0.027000000000000003,-0.706,-0.0,-0.012827379629015923,-0.0,-1.0,0.0,-0.0
1694873396.3004138,0.027000000000000003,-0.706,-0.0,-0.012827379629015923,-0.0,-1.0,0.0,-0.0
1694873396.3535218,0.063,-0.735,0.031,0.017397401854395866,-0.0,-1.0,0.0,-0.0
1694873396.4039106,0.063,-0.735,0.031,0.017397401854395866,-0.0,-1.0,0.0,-0.0
1694873396.454265,0.063,-0.735,0.031,0.020758165046572685,-0.0,-1.0,0.0,-0.0
1694873396.5049217,0.063,-0.735,0.031,0.020758165046572685,-0.0,-1.0,0.0,-0.0
1694873396.556325,0.056999999999999995,-0.761,0.005,-0.007589707151055336,-0.0,-1.0,0.0,-0.0
1694873396.6086087,0.056999999999999995,-0.761,0.005,-0.007589707151055336,-0.0,-1.0,0.0,-0.0
1694873396.6581798,0.056999999999999995,-0.761,0.005,0.020293064415454865,-0.0,-1.0,0.0,-0.0
1694873396.712351,0.056999999999999995,-0.761,0.005,0.020293064415454865,-0.0,-1.0,0.0,-0.0
1694873396.761151,0.068,-0.791,-0.0,0.014542417600750923,-0.0,-1.0,0.0,-0.0
1694873396.811551,0.068,-0.791,-0.0,0.014542417600750923,-0.0,-1.0,0.0,-0.0
1694873396.8621616,0.068,-0.791,-0.0,0.018117595463991165,-0.0,-1.0,0.0,-0.0
1694873396.9128997,0.068,-0.791,-0.0,0.018117595463991165,-0.0,-1.0,0.0,-0.0
1694873396.9645174,0.037,-0.8240000000000001,-0.012,0.004587868694216013,-0.0,-1.0,0.0,-0.0
1694873397.0154324,0.037,-0.8240000000000001,-0.012,0.004587868694216013,-0.0,-1.0,0.0,-0.0
1694873397.0662444,0.037,-0.8240000000000001,-0.012,0.00038112123729661107,-0.0,-1.0,0.0,-0.0
1694873397.1168668,0.037,-0.8240000000000001,-0.012,0.00038112123729661107,-0.0,-1.0,0.0,-0.0
1694873397.1684422,0.025,-0.829,-0.008,-0.003081470960751176,-0.0,-1.0,0.0,-0.0
1694873397.2212472,0.025,-0.829,-0.008,-0.003081470960751176,-0.0,-1.0,0.0,-0.0
1694873397.272575,0.025,-0.829,-0.008,-0.01423025131225586,-0.0,-1.0,0.0,-0.0
1694873397.3229702,0.025,-0.829,-0.008,-0.01423025131225586,-0.0,-1.0,0.0,-0.0
1694873397.3757272,0.036,-0.851,-0.003,-0.0007083795499056578,-0.0,-1.0,0.0,-0.0
1694873397.425398,0.036,-0.851,-0.003,-0.0007083795499056578,-0.0,-1.0,0.0,-0.0
1694873397.4764764,0.036,-0.851,-0.003,-0.0014210657682269812,-0.0,-1.0,0.0,-0.0
1694873397.5268283,0.036,-0.851,-0.003,-0.0014210657682269812,-0.0,-1.0,0.0,-0.0
1694873397.5801003,0.040999999999999995,-0.8539999999999999,0.007000000000000001,-0.002207093872129917,-0.0,-1.0,0.0,-0.0
1694873397.6290002,0.040999999999999995,-0.8539999999999999,0.007000000000000001,-0.002207093872129917,-0.0,-1.0,0.0,-0.0
1694873397.6808586,0.040999999999999995,-0.8539999999999999,0.007000000000000001,-0.0031496710143983364,-0.0,-1.0,0.0,-0.0
1694873397.7310402,0.040999999999999995,-0.8539999999999999,0.007000000000000001,-0.0031496710143983364,-0.0,-1.0,0.0,-0.0
1694873397.783002,0.040999999999999995,-0.869,0.019,-0.002227198099717498,-0.0,-1.0,0.0,-0.0
1694873397.8335214,0.040999999999999995,-0.869,0.019,-0.002227198099717498,-0.0,-1.0,0.0,-0.0
1694873397.8852043,0.040999999999999995,-0.869,0.019,-0.006340895779430866,-0.0,-1.0,0.0,-0.0
1694873397.9356544,0.040999999999999995,-0.869,0.019,-0.006340895779430866,-0.0,-1.0,0.0,-0.0
1694873397.9887168,0.046,-0.85,0.008,-0.0010383541230112314,-0.0,-1.0,0.0,-0.0
1694873397.9920626,0.046,-0.85,0.008,-0.0010383541230112314,-0.0,-1.0,0.0,-0.0
1694873398.040136,0.046,-0.85,0.008,0.015318948775529861,-0.0,-1.0,0.0,-0.0
1694873398.0904164,0.046,-0.85,0.008,0.015318948775529861,-0.0,-1.0,0.0,-0.0
1694873398.14204,0.049,-0.8480000000000001,0.01,0.019566338509321213,-0.0,-1.0,0.0,-0.0
1694873398.1930625,0.049,-0.8480000000000001,0.01,0.019566338509321213,-0.0,-1.0,0.0,-0.0
1694873398.2440555,0.049,-0.8480000000000001,0.01,-0.0053988187573850155,-0.0,-1.0,0.0,-0.0
1694873398.295748,0.049,-0.8480000000000001,0.01,-0.0053988187573850155,-0.0,-1.0,0.0,-0.0
1694873398.346849,0.027000000000000003,-0.834,0.002,-0.0115514462813735,-0.0,-1.0,0.0,-0.0
1694873398.3965852,0.027000000000000003,-0.834,0.002,-0.0115514462813735,-0.0,-1.0,0.0,-0.0
1694873398.4478695,0.027000000000000003,-0.834,0.002,0.003339825663715601,-0.0,-1.0,0.0,-0.0
1694873398.4986224,0.027000000000000003,-0.834,0.002,0.003339825663715601,-0.0,-1.0,0.0,-0.0
1694873398.5506825,0.053000000000000005,-0.8640000000000001,0.02,0.022243937477469444,-0.0,-1.0,0.0,-0.0
1694873398.601202,0.053000000000000005,-0.8640000000000001,0.02,0.022243937477469444,-0.0,-1.0,0.0,-0.0
1694873398.652411,0.053000000000000005,-0.8640000000000001,0.02,3.749481402337551e-05,-0.0,-1.0,0.0,-0.0
1694873398.7029321,0.053000000000000005,-0.8640000000000001,0.02,3.749481402337551e-05,-0.0,-1.0,0.0,-0.0
1694873398.7539873,0.053000000000000005,-0.8480000000000001,0.034,0.0005438636289909482,-0.0,-1.0,0.0,-0.0
1694873398.8054667,0.053000000000000005,-0.8480000000000001,0.034,0.0005438636289909482,-0.0,-1.0,0.0,-0.0
1694873398.8566818,0.053000000000000005,-0.8480000000000001,0.034,-0.00731213204562664,-0.0,-1.0,0.0,-0.0
1694873398.9058852,0.053000000000000005,-0.8480000000000001,0.034,-0.00731213204562664,-0.0,-1.0,0.0,-0.0
1694873398.958068,0.043,-0.852,0.027000000000000003,-0.008037895895540714,-0.0,-1.0,0.0,-0.0
1694873399.008148,0.043,-0.852,0.027000000000000003,-0.008037895895540714,-0.0,-1.0,0.0,-0.0
1694873399.059244,0.043,-0.852,0.027000000000000003,-0.019491594284772873,-0.0,-1.0,0.0,-0.0
1694873399.111,0.043,-0.852,0.027000000000000003,-0.019491594284772873,-0.0,-1.0,0.0,-0.0
1694873399.16296,0.040999999999999995,-0.845,0.024,0.006701640319079161,-0.0,-1.0,0.0,-0.0
1694873399.2136757,0.040999999999999995,-0.845,0.024,0.006701640319079161,-0.0,-1.0,0.0,-0.0
1694873399.2641408,0.040999999999999995,-0.845,0.024,-0.031014051288366318,-0.0,-1.0,0.0,-0.0
1694873399.315022,0.040999999999999995,-0.845,0.024,-0.031014051288366318,-0.0,-1.0,0.0,-0.0
1694873399.3664703,0.031,-0.8380000000000001,0.025,-0.0006299708038568497,-0.0,-1.0,0.0,-0.0
1694873399.4172134,0.031,-0.8380000000000001,0.025,-0.0006299708038568497,-0.0,-1.0,0.0,-0.0
1694873399.468163,0.031,-0.8380000000000001,0.025,0.015318265184760094,-0.0,-1.0,0.0,-0.0
1694873399.518743,0.031,-0.8380000000000001,0.025,0.015318265184760094,-0.0,-1.0,0.0,-0.0
1694873399.5707562,0.049,-0.837,0.031,0.008901700377464294,-0.0,-1.0,0.0,-0.0
1694873399.6211793,0.049,-0.837,0.031,0.008901700377464294,-0.0,-1.0,0.0,-0.0
1694873399.672671,0.049,-0.837,0.031,0.01927446946501732,-0.0,-1.0,0.0,-0.0
1694873399.7228515,0.049,-0.837,0.031,0.01927446946501732,-0.0,-1.0,0.0,-0.0
1694873399.7748985,0.063,-0.8550000000000001,0.034999999999999996,-0.008151287212967873,-0.0,-1.0,0.0,-0.0
1694873399.824967,0.063,-0.8550000000000001,0.034999999999999996,-0.008151287212967873,-0.0,-1.0,0.0,-0.0
1694873399.8766131,0.063,-0.8550000000000001,0.034999999999999996,-0.0082771647721529,-0.0,-1.0,0.0,-0.0
1694873399.9266179,0.063,-0.8550000000000001,0.034999999999999996,-0.0082771647721529,-0.0,-1.0,0.0,-0.0
1694873399.9788105,0.067,-0.8470000000000001,0.022,-0.010320702567696571,-0.0,-1.0,0.0,-0.0
1694873400.028883,0.067,-0.8470000000000001,0.022,-0.010320702567696571,-0.0,-1.0,0.0,-0.0
1694873400.0808058,0.067,-0.8470000000000001,0.022,-0.0089003536850214,-0.0,-1.0,0.0,-0.0
1694873400.1308215,0.067,-0.8470000000000001,0.022,-0.0089003536850214,-0.0,-1.0,0.0,-0.0
1694873400.182719,0.06999999999999999,-0.859,0.013000000000000001,-0.0029615031089633703,-0.0,-1.0,0.0,-0.0
1694873400.2328691,0.06999999999999999,-0.859,0.013000000000000001,-0.0029615031089633703,-0.0,-1.0,0.0,-0.0
1694873400.2846951,0.06999999999999999,-0.859,0.013000000000000001,0.002775238361209631,-0.0,-1.0,0.0,-0.0
1694873400.3350906,0.06999999999999999,-0.859,0.013000000000000001,0.002775238361209631,-0.0,-1.0,0.0,-0.0
1694873400.3881454,0.06,-0.869,0.019,0.0031365524046123028,-0.0,-1.0,0.0,-0.0
1694873400.4380867,0.06,-0.869,0.019,0.0031365524046123028,-0.0,-1.0,0.0,-0.0
1694873400.4895496,0.06,-0.869,0.019,0.015020248480141163,-0.0,-1.0,0.0,-0.0
1694873400.4921105,0.06,-0.869,0.019,0.015020248480141163,-0.0,-1.0,0.0,-0.0
1694873400.5406487,0.06,-0.861,0.008,0.0001624496653676033,-0.0,-1.0,0.0,-0.0
1694873400.5915892,0.06,-0.861,0.008,0.0001624496653676033,-0.0,-1.0,0.0,-0.0
1694873400.6426587,0.06,-0.861,0.008,0.009669143706560135,-0.0,-1.0,0.0,-0.0
1694873400.6936066,0.06,-0.861,0.008,0.009669143706560135,-0.0,-1.0,0.0,-0.0
1694873400.745085,0.049,-0.849,-0.005,0.02059311233460903,-0.0,-1.0,0.0,-0.0
1694873400.7964385,0.049,-0.849,-0.005,0.02059311233460903,-0.0,-1.0,0.0,-0.0
1694873400.8465428,0.049,-0.849,-0.005,0.014837232418358326,-0.0,-1.0,0.0,-0.0
1694873400.8972635,0.049,-0.849,-0.005,0.014837232418358326,-0.0,-1.0,0.0,-0.0
1694873400.948099,0.036,-0.837,-0.019,-0.0003142299538012594,-0.0,-1.0,0.0,-0.0
1694873400.9996192,0.036,-0.837,-0.019,-0.0003142299538012594,-0.0,-1.0,0.0,-0.0
1694873401.0505126,0.036,-0.837,-0.019,-0.008773716166615486,-0.0,-1.0,0.0,-0.0
1694873401.102378,0.036,-0.837,-0.019,-0.008773716166615486,-0.0,-1.0,0.0,-0.0
1694873401.1527412,0.04,-0.858,-0.016,-0.01397642306983471,-0.0,-1.0,0.0,-0.0
1694873401.2037365,0.04,-0.858,-0.016,-0.01397642306983471,-0.0,-1.0,0.0,-0.0
1694873401.2553515,0.04,-0.858,-0.016,0.004493992775678635,-0.0,-1.0,0.0,-0.0
1694873401.305478,0.04,-0.858,-0.016,0.004493992775678635,-0.0,-1.0,0.0,-0.0
1694873401.358399,0.047,-0.853,-0.0,-0.0021969759836792946,-0.0,-1.0,0.0,-0.0
1694873401.407916,0.047,-0.853,-0.0,-0.0021969759836792946,-0.0,-1.0,0.0,-0.0
1694873401.4591694,0.047,-0.853,-0.0,-0.008583512157201767,-0.0,-1.0,0.0,-0.0
1694873401.5097442,0.047,-0.853,-0.0,-0.008583512157201767,-0.0,-1.0,0.0,-0.0
1694873401.561601,0.044,-0.852,0.005,0.005221160128712654,-0.0,-1.0,0.0,-0.0
1694873401.613285,0.044,-0.852,0.005,0.005221160128712654,-0.0,-1.0,0.0,-0.0
1694873401.6638331,0.044,-0.852,0.005,-0.002693033777177334,-0.0,-1.0,0.0,-0.0
1694873401.7137113,0.044,-0.852,0.005,-0.002693033777177334,-0.0,-1.0,0.0,-0.0
1694873401.7658315,0.053000000000000005,-0.8630000000000001,0.012,0.004058106802403927,-0.0,-1.0,0.0,-0.0
1694873401.8157408,0.053000000000000005,-0.8630000000000001,0.012,0.004058106802403927,-0.0,-1.0,0.0,-0.0
1694873401.867245,0.053000000000000005,-0.8630000000000001,0.012,-0.0031381116714328527,-0.0,-1.0,0.0,-0.0
1694873401.918756,0.053000000000000005,-0.8630000000000001,0.012,-0.0031381116714328527,-0.0,-1.0,0.0,-0.0
1694873401.9704816,0.054000000000000006,-0.851,-0.002,0.0023839790374040604,-0.0,-1.0,0.0,-0.0
1694873402.0207467,0.054000000000000006,-0.851,-0.002,0.0023839790374040604,-0.0,-1.0,0.0,-0.0
1694873402.072088,0.054000000000000006,-0.851,-0.002,0.008104064501821995,-0.0,-1.0,0.0,-0.0
1694873402.122906,0.054000000000000006,-0.851,-0.002,0.008104064501821995,-0.0,-1.0,0.0,-0.0
1694873402.1747525,0.052000000000000005,-0.853,0.011,-0.004646171350032091,-0.0,-1.0,0.0,-0.0
1694873402.2250917,0.052000000000000005,-0.853,0.011,-0.004646171350032091,-0.0,-1.0,0.0,-0.0
1694873402.2766714,0.052000000000000005,-0.853,0.011,0.006434338632971048,-0.0,-1.0,0.0,-0.0
1694873402.3266993,0.052000000000000005,-0.853,0.011,0.006434338632971048,-0.0,-1.0,0.0,-0.0
1694873402.3793354,0.051000000000000004,-0.8400000000000001,0.013000000000000001,0.009296732023358345,-0.0,-1.0,0.0,-0.0
1694873402.4289408,0.051000000000000004,-0.8400000000000001,0.013000000000000001,0.009296732023358345,-0.0,-1.0,0.0,-0.0
1694873402.4806566,0.051000000000000004,-0.8400000000000001,0.013000000000000001,-0.015765294432640076,-0.0,-1.0,0.0,-0.0
1694873402.5307367,0.051000000000000004,-0.8400000000000001,0.013000000000000001,-0.015765294432640076,-0.0,-1.0,0.0,-0.0
1694873402.582634,0.054000000000000006,-0.85,0.004,0.002060644095763564,-0.0,-1.0,0.0,-0.0
1694873402.6328583,0.054000000000000006,-0.85,0.004,0.002060644095763564,-0.0,-1.0,0.0,-0.0
1694873402.684656,0.054000000000000006,-0.85,0.004,0.0044363075867295265,-0.0,-1.0,0.0,-0.0
1694873402.7351305,0.054000000000000006,-0.85,0.004,0.0044363075867295265,-0.0,-1.0,0.0,-0.0
1694873402.786998,0.043,-0.851,-0.0,-0.003302337834611535,-0.0,-1.0,0.0,-0.0
1694873402.7896564,0.043,-0.851,-0.0,-0.003302337834611535,-0.0,-1.0,0.0,-0.0
1694873402.8394928,0.043,-0.851,-0.0,0.008940603584051132,-0.0,-1.0,0.0,-0.0
1694873402.8928883,0.043,-0.851,-0.0,0.008940603584051132,-0.0,-1.0,0.0,-0.0
1694873402.9425755,0.047,-0.8480000000000001,-0.003,-0.003937354311347008,-0.0,-1.0,0.0,-0.0
1694873402.9933803,0.047,-0.8480000000000001,-0.003,-0.003937354311347008,-0.0,-1.0,0.0,-0.0
1694873403.0447378,0.047,-0.8480000000000001,-0.003,-0.008381882682442665,-0.0,-1.0,0.0,-0.0
1694873403.0956972,0.047,-0.8480000000000001,-0.003,-0.008381882682442665,-0.0,-1.0,0.0,-0.0
1694873403.1478384,0.038,-0.843,0.009,0.008990136906504631,-0.0,-1.0,0.0,-0.0
1694873403.1986015,0.038,-0.843,0.009,0.008990136906504631,-0.0,-1.0,0.0,-0.0
1694873403.2511826,0.038,-0.843,0.009,-0.014230573549866676,-0.0,-1.0,0.0,-0.0
1694873403.3012297,0.038,-0.843,0.009,-0.014230573549866676,-0.0,-1.0,0.0,-0.0
1694873403.3527138,0.034,-0.845,0.006,-0.009159892797470093,-0.0,-1.0,0.0,-0.0
1694873403.4037838,0.034,-0.845,0.006,-0.009159892797470093,-0.0,-1.0,0.0,-0.0
1694873403.4539335,0.034,-0.845,0.006,-0.005212968681007624,-0.0,-1.0,0.0,-0.0
1694873403.505608,0.034,-0.845,0.006,-0.005212968681007624,-0.0,-1.0,0.0,-0.0
1694873403.5560296,0.038,-0.8460000000000001,0.006,0.020294588059186935,-0.0,-1.0,0.0,-0.0
1694873403.607435,0.038,-0.8460000000000001,0.006,0.020294588059186935,-0.0,-1.0,0.0,-0.0
1694873403.6579003,0.038,-0.8460000000000001,0.006,-0.003105513984337449,-0.0,-1.0,0.0,-0.0
1694873403.7087936,0.038,-0.8460000000000001,0.006,-0.003105513984337449,-0.0,-1.0,0.0,-0.0
1694873403.7601337,0.038,-0.845,0.006,0.00010281428694725037,-0.0,-1.0,0.0,-0.0
1694873403.8113208,0.038,-0.845,0.006,0.00010281428694725037,-0.0,-1.0,0.0,-0.0
1694873403.8637788,0.038,-0.845,0.006,-0.01780788041651249,-0.0,-1.0,0.0,-0.0
1694873403.912799,0.038,-0.845,0.006,-0.01780788041651249,-0.0,-1.0,0.0,-0.0
1694873403.963866,0.05600000000000001,-0.8550000000000001,0.02,0.004328521434217691,-0.0,-1.0,0.0,-0.0
1694873404.0150778,0.05600000000000001,-0.8550000000000001,0.02,0.004328521434217691,-0.0,-1.0,0.0,-0.0
1694873404.065969,0.05600000000000001,-0.8550000000000001,0.02,0.02055797539651394,-0.0,-1.0,0.0,-0.0
1694873404.1170738,0.05600000000000001,-0.8550000000000001,0.02,0.02055797539651394,-0.0,-1.0,0.0,-0.0
1694873404.1681976,0.036,-0.8310000000000001,0.015,-0.003768948372453451,-0.0,-1.0,0.0,-0.0
1694873404.2194152,0.036,-0.8310000000000001,0.015,-0.003768948372453451,-0.0,-1.0,0.0,-0.0
1694873404.269992,0.036,-0.8310000000000001,0.015,0.008705653250217438,-0.0,-1.0,0.0,-0.0
1694873404.322296,0.036,-0.8310000000000001,0.015,0.008705653250217438,-0.0,-1.0,0.0,-0.0
1694873404.3729901,0.028999999999999998,-0.8300000000000001,-0.003,-0.01776045188307762,-0.0,-1.0,0.0,-0.0
1694873404.424871,0.028999999999999998,-0.8300000000000001,-0.003,-0.01776045188307762,-0.0,-1.0,0.0,-0.0
1694873404.474951,0.028999999999999998,-0.8300000000000001,-0.003,0.00290187681093812,-0.0,-1.0,0.0,-0.0
1694873404.5248482,0.028999999999999998,-0.8300000000000001,-0.003,0.00290187681093812,-0.0,-1.0,0.0,-0.0
1694873404.5771601,0.041999999999999996,-0.8470000000000001,0.009,0.0029012179002165794,-0.0,-1.0,0.0,-0.0
1694873404.626657,0.041999999999999996,-0.8470000000000001,0.009,0.0029012179002165794,-0.0,-1.0,0.0,-0.0
1694873404.6785252,0.041999999999999996,-0.8470000000000001,0.009,0.00870757270604372,-0.0,-1.0,0.0,-0.0
1694873404.7286549,0.041999999999999996,-0.8470000000000001,0.009,0.00870757270604372,-0.0,-1.0,0.0,-0.0
1694873404.7807488,0.048,-0.859,0.018,-0.010242743417620659,-0.0,-1.0,0.0,-0.0
1694873404.8307366,0.048,-0.859,0.018,-0.010242743417620659,-0.0,-1.0,0.0,-0.0
1694873404.8831623,0.048,-0.859,0.018,0.005013668909668922,-0.0,-1.0,0.0,-0.0
1694873404.9326098,0.048,-0.859,0.018,0.005013668909668922,-0.0,-1.0,0.0,-0.0
1694873404.9844816,0.052000000000000005,-0.8560000000000001,0.019,-0.005941838026046753,-0.0,-1.0,0.0,-0.0
1694873405.035176,0.052000000000000005,-0.8560000000000001,0.019,-0.005941838026046753,-0.0,-1.0,0.0,-0.0
1694873405.0907037,0.052000000000000005,-0.8560000000000001,0.019,-0.013740229420363903,-0.0,-1.0,0.0,-0.0
1694873405.1896648,0.046,-0.8619999999999999,0.011,0.00024675048189237714,-0.0,-1.0,0.0,-0.0
1694873405.1923673,0.046,-0.8619999999999999,0.011,0.00024675048189237714,-0.0,-1.0,0.0,-0.0
1694873405.2417614,0.046,-0.8619999999999999,0.011,0.0007935152389109135,-0.0,-1.0,0.0,-0.0
1694873405.292222,0.046,-0.8619999999999999,0.011,0.0007935152389109135,-0.0,-1.0,0.0,-0.0
1694873405.3444874,0.05,-0.8640000000000001,0.008,-0.005644885823130608,-0.0,-1.0,0.0,-0.0
1694873405.3944101,0.05,-0.8640000000000001,0.008,-0.005644885823130608,-0.0,-1.0,0.0,-0.0
1694873405.4456017,0.05,-0.8640000000000001,0.008,0.00037089246325194836,-0.0,-1.0,0.0,-0.0
1694873405.4960835,0.05,-0.8640000000000001,0.008,0.00037089246325194836,-0.0,-1.0,0.0,-0.0
1694873405.551793,0.051000000000000004,-0.8640000000000001,0.005,-3.2868003472685814e-05,-0.0,-1.0,0.0,-0.0
1694873405.598456,0.051000000000000004,-0.8640000000000001,0.005,-3.2868003472685814e-05,-0.0,-1.0,0.0,-0.0
1694873405.649052,0.051000000000000004,-0.8640000000000001,0.005,-0.007404485251754522,-0.0,-1.0,0.0,-0.0
1694873405.699812,0.051000000000000004,-0.8640000000000001,0.005,-0.007404485251754522,-0.0,-1.0,0.0,-0.0
1694873405.751914,0.05,-0.8550000000000001,0.003,0.015276234596967697,-0.0,-1.0,0.0,-0.0
1694873405.8026583,0.05,-0.8550000000000001,0.003,0.015276234596967697,-0.0,-1.0,0.0,-0.0
1694873405.8535488,0.05,-0.8550000000000001,0.003,0.004579255357384682,-0.0,-1.0,0.0,-0.0
1694873405.9044218,0.05,-0.8550000000000001,0.003,0.004579255357384682,-0.0,-1.0,0.0,-0.0
1694873405.9557118,0.041999999999999996,-0.837,0.007000000000000001,-0.00018970301607623696,-0.0,-1.0,0.0,-0.0
1694873406.0059938,0.041999999999999996,-0.837,0.007000000000000001,-0.00018970301607623696,-0.0,-1.0,0.0,-0.0
1694873406.0569503,0.041999999999999996,-0.837,0.007000000000000001,-0.006746333092451096,-0.0,-1.0,0.0,-0.0
1694873406.1078694,0.041999999999999996,-0.837,0.007000000000000001,-0.006746333092451096,-0.0,-1.0,0.0,-0.0
1694873406.1594965,0.044,-0.844,0.006,-0.0021882052533328533,-0.0,-1.0,0.0,-0.0
1694873406.2100375,0.044,-0.844,0.006,-0.0021882052533328533,-0.0,-1.0,0.0,-0.0
1694873406.260949,0.044,-0.844,0.006,0.0006278897635638714,-0.0,-1.0,0.0,-0.0
1694873406.3116565,0.044,-0.844,0.006,0.0006278897635638714,-0.0,-1.0,0.0,-0.0
1694873406.3636274,0.034,-0.857,0.005,-0.005172384437173605,-0.0,-1.0,0.0,-0.0
1694873406.4134917,0.034,-0.857,0.005,-0.005172384437173605,-0.0,-1.0,0.0,-0.0
1694873406.4652379,0.034,-0.857,0.005,-0.003554409136995673,-0.0,-1.0,0.0,-0.0
1694873406.515423,0.034,-0.857,0.005,-0.003554409136995673,-0.0,-1.0,0.0,-0.0
1694873406.5669768,0.039,-0.8550000000000001,0.019,0.006552678532898426,-0.0,-1.0,0.0,-0.0
1694873406.6197095,0.039,-0.8550000000000001,0.019,0.006552678532898426,-0.0,-1.0,0.0,-0.0
1694873406.6723218,0.039,-0.8550000000000001,0.019,0.0009911961387842894,-0.0,-1.0,0.0,-0.0
1694873406.7274606,0.039,-0.8550000000000001,0.019,0.0009911961387842894,-0.0,-1.0,0.0,-0.0
1694873406.7739873,0.045,-0.8550000000000001,0.013000000000000001,-0.004612550139427185,-0.0,-1.0,0.0,-0.0
1694873406.8234327,0.045,-0.8550000000000001,0.013000000000000001,-0.004612550139427185,-0.0,-1.0,0.0,-0.0
1694873406.8762445,0.045,-0.8550000000000001,0.013000000000000001,-0.0025800650473684072,-0.0,-1.0,0.0,-0.0
1694873406.926676,0.045,-0.8550000000000001,0.013000000000000001,-0.0025800650473684072,-0.0,-1.0,0.0,-0.0
1694873406.9777257,0.048,-0.853,0.011,0.0006251229206100106,-0.0,-1.0,0.0,-0.0
1694873407.0273356,0.048,-0.853,0.011,0.0006251229206100106,-0.0,-1.0,0.0,-0.0
1694873407.0793579,0.048,-0.853,0.011,-0.004886959213763475,-0.0,-1.0,0.0,-0.0
1694873407.1293583,0.048,-0.853,0.011,-0.004886959213763475,-0.0,-1.0,0.0,-0.0
1694873407.1810727,0.05500000000000001,-0.8550000000000001,0.005,-0.000744708115234971,-0.0,-1.0,0.0,-0.0
1694873407.2326276,0.05500000000000001,-0.8550000000000001,0.005,-0.000744708115234971,-0.0,-1.0,0.0,-0.0
1694873407.2843204,0.05500000000000001,-0.8550000000000001,0.005,-0.0030930612701922655,-0.0,-1.0,0.0,-0.0
1694873407.3356032,0.05500000000000001,-0.8550000000000001,0.005,-0.0030930612701922655,-0.0,-1.0,0.0,-0.0
1694873407.3892374,0.062,-0.8539999999999999,0.015,-0.008208347484469414,-0.0,-1.0,0.0,-0.0
1694873407.3923051,0.062,-0.8539999999999999,0.015,-0.008208347484469414,-0.0,-1.0,0.0,-0.0
1694873407.4394941,0.062,-0.8539999999999999,0.015,-0.001547985477373004,-0.0,-1.0,0.0,-0.0
1694873407.491699,0.062,-0.8539999999999999,0.015,-0.001547985477373004,-0.0,-1.0,0.0,-0.0
1694873407.5415745,0.05,-0.8460000000000001,0.005,-0.0004372731491457671,-0.0,-1.0,0.0,-0.0
1694873407.5924306,0.05,-0.8460000000000001,0.005,-0.0004372731491457671,-0.0,-1.0,0.0,-0.0
1694873407.6435711,0.05,-0.8460000000000001,0.005,-0.0036771809682250023,-0.0,-1.0,0.0,-0.0
1694873407.6940901,0.05,-0.8460000000000001,0.005,-0.0036771809682250023,-0.0,-1.0,0.0,-0.0
1694873407.745552,0.044,-0.8480000000000001,-0.001,-0.004842702299356461,-0.0,-1.0,0.0,-0.0
1694873407.7963288,0.044,-0.8480000000000001,-0.001,-0.004842702299356461,-0.0,-1.0,0.0,-0.0
1694873407.847781,0.044,-0.8480000000000001,-0.001,-0.00681301299482584,-0.0,-1.0,0.0,-0.0
1694873407.8981721,0.044,-0.8480000000000001,-0.001,-0.00681301299482584,-0.0,-1.0,0.0,-0.0
1694873407.9490054,0.044,-0.849,-0.002,-0.003706764429807663,-0.0,-1.0,0.0,-0.0
1694873408.000078,0.044,-0.849,-0.002,-0.003706764429807663,-0.0,-1.0,0.0,-0.0
1694873408.052033,0.044,-0.849,-0.002,-0.0037077118176966906,-0.0,-1.0,0.0,-0.0
1694873408.1016555,0.044,-0.849,-0.002,-0.0037077118176966906,-0.0,-1.0,0.0,-0.0
1694873408.1540089,0.043,-0.8619999999999999,0.008,-0.002443593693897128,-0.0,-1.0,0.0,-0.0
1694873408.2045734,0.043,-0.8619999999999999,0.008,-0.002443593693897128,-0.0,-1.0,0.0,-0.0
1694873408.2557437,0.043,-0.8619999999999999,0.008,-0.007147006690502167,-0.0,-1.0,0.0,-0.0
1694873408.3064015,0.043,-0.8619999999999999,0.008,-0.007147006690502167,-0.0,-1.0,0.0,-0.0
1694873408.3582861,0.034999999999999996,-0.849,0.001,0.013153981417417526,-0.0,-1.0,0.0,-0.0
1694873408.4087882,0.034999999999999996,-0.849,0.001,0.013153981417417526,-0.0,-1.0,0.0,-0.0
1694873408.4595997,0.034999999999999996,-0.849,0.001,0.0018935507396236062,-0.0,-1.0,0.0,-0.0
1694873408.5105999,0.034999999999999996,-0.849,0.001,0.0018935507396236062,-0.0,-1.0,0.0,-0.0
1694873408.5617251,0.045,-0.85,0.001,0.006111063063144684,-0.0,-1.0,0.0,-0.0
1694873408.612954,0.045,-0.85,0.001,0.006111063063144684,-0.0,-1.0,0.0,-0.0
1694873408.6645963,0.045,-0.85,0.001,-0.010576823726296425,-0.0,-1.0,0.0,-0.0
1694873408.7167063,0.045,-0.85,0.001,-0.010576823726296425,-0.0,-1.0,0.0,-0.0
1694873408.767864,0.049,-0.858,0.001,-0.002633152762427926,-0.0,-1.0,0.0,-0.0
1694873408.8174036,0.049,-0.858,0.001,-0.002633152762427926,-0.0,-1.0,0.0,-0.0
1694873408.868997,0.049,-0.858,0.001,0.0046415855176746845,-0.0,-1.0,0.0,-0.0
1694873408.9200766,0.049,-0.858,0.001,0.0046415855176746845,-0.0,-1.0,0.0,-0.0
1694873408.9711812,0.040999999999999995,-0.851,0.001,-0.00498936465010047,-0.0,-1.0,0.0,-0.0
1694873409.0215027,0.040999999999999995,-0.851,0.001,-0.00498936465010047,-0.0,-1.0,0.0,-0.0
1694873409.073365,0.040999999999999995,-0.851,0.001,-0.005211498588323593,-0.0,-1.0,0.0,-0.0
1694873409.125523,0.040999999999999995,-0.851,0.001,-0.005211498588323593,-0.0,-1.0,0.0,-0.0
1694873409.1758118,0.044,-0.857,-0.0,-0.005626766476780176,-0.0,-1.0,0.0,-0.0
1694873409.2265263,0.044,-0.857,-0.0,-0.005626766476780176,-0.0,-1.0,0.0,-0.0
1694873409.2777429,0.044,-0.857,-0.0,-0.0020938285160809755,-0.0,-1.0,0.0,-0.0
1694873409.3284893,0.044,-0.857,-0.0,-0.0020938285160809755,-0.0,-1.0,0.0,-0.0
1694873409.3806686,0.056999999999999995,-0.8539999999999999,-0.008,-0.0047011361457407475,-0.0,-1.0,0.0,-0.0
1694873409.430681,0.056999999999999995,-0.8539999999999999,-0.008,-0.0047011361457407475,-0.0,-1.0,0.0,-0.0
1694873409.482218,0.056999999999999995,-0.8539999999999999,-0.008,0.00025615585036575794,-0.0,-1.0,0.0,-0.0
1694873409.533602,0.056999999999999995,-0.8539999999999999,-0.008,0.00025615585036575794,-0.0,-1.0,0.0,-0.0
1694873409.5842652,0.061,-0.842,-0.012,-0.003505819011479616,-0.0,-1.0,0.0,-0.0
1694873409.6348512,0.061,-0.842,-0.012,-0.003505819011479616,-0.0,-1.0,0.0,-0.0
1694873409.6868002,0.061,-0.842,-0.012,0.0031556538306176662,-0.0,-1.0,0.0,-0.0
1694873409.6889427,0.061,-0.842,-0.012,0.0031556538306176662,-0.0,-1.0,0.0,-0.0
1694873409.7893755,0.05600000000000001,-0.8380000000000001,-0.014000000000000002,0.0034305176232010126,-0.0,-1.0,0.0,-0.0
1694873409.7930245,0.05600000000000001,-0.8380000000000001,-0.014000000000000002,0.0034305176232010126,-0.0,-1.0,0.0,-0.0
1694873409.8403058,0.05600000000000001,-0.8380000000000001,-0.014000000000000002,-0.002204794902354479,-0.0,-1.0,0.0,-0.0
1694873409.8926363,0.05600000000000001,-0.8380000000000001,-0.014000000000000002,-0.002204794902354479,-0.0,-1.0,0.0,-0.0
1694873409.9422283,0.044,-0.851,-0.007000000000000001,-0.0004199279937893152,-0.0,-1.0,0.0,-0.0
1694873409.993024,0.044,-0.851,-0.007000000000000001,-0.0004199279937893152,-0.0,-1.0,0.0,-0.0
1694873410.0442379,0.044,-0.851,-0.007000000000000001,-0.00796823762357235,-0.0,-1.0,0.0,-0.0
1694873410.0950801,0.044,-0.851,-0.007000000000000001,-0.00796823762357235,-0.0,-1.0,0.0,-0.0
1694873410.1459408,0.046,-0.857,-0.0,-0.002408442320302129,-0.0,-1.0,0.0,-0.0
1694873410.1976237,0.046,-0.857,-0.0,-0.002408442320302129,-0.0,-1.0,0.0,-0.0
1694873410.2476766,0.046,-0.857,-0.0,0.007654031738638878,-0.0,-1.0,0.0,-0.0
1694873410.2991288,0.046,-0.857,-0.0,0.007654031738638878,-0.0,-1.0,0.0,-0.0
1694873410.350297,0.043,-0.851,0.008,0.006099725142121315,-0.0,-1.0,0.0,-0.0
1694873410.4012187,0.043,-0.851,0.008,0.006099725142121315,-0.0,-1.0,0.0,-0.0
1694873410.4536645,0.043,-0.851,0.008,0.000870341551490128,-0.0,-1.0,0.0,-0.0
1694873410.5035057,0.043,-0.851,0.008,0.000870341551490128,-0.0,-1.0,0.0,-0.0
1694873410.5536711,0.052000000000000005,-0.85,0.002,-0.015348710119724274,-0.0,-1.0,0.0,-0.0
1694873410.6047719,0.052000000000000005,-0.85,0.002,-0.015348710119724274,-0.0,-1.0,0.0,-0.0
1694873410.6562545,0.052000000000000005,-0.85,0.002,0.002229776233434677,-0.0,-1.0,0.0,-0.0
1694873410.706423,0.052000000000000005,-0.85,0.002,0.002229776233434677,-0.0,-1.0,0.0,-0.0
1694873410.75758,0.048,-0.851,0.007000000000000001,-0.004458702635020018,-0.0,-1.0,0.0,-0.0
1694873410.808841,0.048,-0.851,0.007000000000000001,-0.004458702635020018,-0.0,-1.0,0.0,-0.0
1694873410.86057,0.048,-0.851,0.007000000000000001,0.006123575381934643,-0.0,-1.0,0.0,-0.0
1694873410.9105806,0.048,-0.851,0.007000000000000001,0.006123575381934643,-0.0,-1.0,0.0,-0.0
1694873410.9626105,0.047,-0.8460000000000001,0.008,-0.0067106387577950954,-0.0,-1.0,0.0,-0.0
1694873411.0127122,0.047,-0.8460000000000001,0.008,-0.0067106387577950954,-0.0,-1.0,0.0,-0.0
1694873411.0636637,0.047,-0.8460000000000001,0.008,-0.0041414834558963776,-0.0,-1.0,0.0,-0.0
1694873411.1144354,0.047,-0.8460000000000001,0.008,-0.0041414834558963776,-0.0,-1.0,0.0,-0.0
1694873411.1657398,0.056999999999999995,-0.85,0.012,0.007245183922350407,-0.0,-1.0,0.0,-0.0
1694873411.2173557,0.056999999999999995,-0.85,0.012,0.007245183922350407,-0.0,-1.0,0.0,-0.0
1694873411.2688284,0.056999999999999995,-0.85,0.012,0.0016970880096778274,-0.0,-1.0,0.0,-0.0
1694873411.318195,0.056999999999999995,-0.85,0.012,0.0016970880096778274,-0.0,-1.0,0.0,-0.0
1694873411.3709297,0.05500000000000001,-0.858,0.018,-0.008325624279677868,-0.0,-1.0,0.0,-0.0
1694873411.4220755,0.05500000000000001,-0.858,0.018,-0.008325624279677868,-0.0,-1.0,0.0,-0.0
1694873411.4716055,0.05500000000000001,-0.858,0.018,-0.0004910362185910344,-0.0,-1.0,0.0,-0.0
1694873411.5226161,0.05500000000000001,-0.858,0.018,-0.0004910362185910344,-0.0,-1.0,0.0,-0.0
1694873411.5738504,0.05500000000000001,-0.861,0.011,-0.0041532963514328,-0.0,-1.0,0.0,-0.0
1694873411.6244633,0.05500000000000001,-0.861,0.011,-0.0041532963514328,-0.0,-1.0,0.0,-0.0
1694873411.6762645,0.05500000000000001,-0.861,0.011,-0.005909482017159462,-0.0,-1.0,0.0,-0.0
1694873411.7262933,0.05500000000000001,-0.861,0.011,-0.005909482017159462,-0.0,-1.0,0.0,-0.0
1694873411.7783873,0.038,-0.865,0.012,0.011819468811154366,-0.0,-1.0,0.0,-0.0
1694873411.828486,0.038,-0.865,0.012,0.011819468811154366,-0.0,-1.0,0.0,-0.0
1694873411.8800168,0.038,-0.865,0.012,0.0011760307243093848,-0.0,-1.0,0.0,-0.0
1694873411.9300737,0.038,-0.865,0.012,0.0011760307243093848,-0.0,-1.0,0.0,-0.0
1694873411.9815974,0.044,-0.8619999999999999,0.011,-0.00725086685270071,-0.0,-1.0,0.0,-0.0
1694873412.0329452,0.044,-0.8619999999999999,0.011,-0.00725086685270071,-0.0,-1.0,0.0,-0.0
1694873412.0882354,0.044,-0.8619999999999999,0.011,-0.00038910607690922916,-0.0,-1.0,0.0,-0.0
1694873412.1915855,0.045,-0.865,0.006,0.0027909530326724052,-0.0,-1.0,0.0,-0.0
1694873412.1951299,0.045,-0.865,0.006,0.0027909530326724052,-0.0,-1.0,0.0,-0.0
1694873412.2395747,0.045,-0.865,0.006,-0.004477564245462418,-0.0,-1.0,0.0,-0.0
1694873412.2906513,0.045,-0.865,0.006,-0.004477564245462418,-0.0,-1.0,0.0,-0.0
1694873412.343079,0.039,-0.852,0.008,0.001878929091617465,-0.0,-1.0,0.0,-0.0
1694873412.3931024,0.039,-0.852,0.008,0.001878929091617465,-0.0,-1.0,0.0,-0.0
1694873412.444083,0.039,-0.852,0.008,-0.003956079017370939,-0.0,-1.0,0.0,-0.0
1694873412.4948769,0.039,-0.852,0.008,-0.003956079017370939,-0.0,-1.0,0.0,-0.0
1694873412.5455263,0.046,-0.857,0.009,0.0006235298351384699,-0.0,-1.0,0.0,-0.0
1694873412.5969079,0.046,-0.857,0.009,0.0006235298351384699,-0.0,-1.0,0.0,-0.0
1694873412.6475995,0.046,-0.857,0.009,-0.0012237054761499166,-0.0,-1.0,0.0,-0.0
1694873412.6986191,0.046,-0.857,0.009,-0.0012237054761499166,-0.0,-1.0,0.0,-0.0
1694873412.750476,0.043,-0.8539999999999999,0.001,-0.009293516166508198,-0.0,-1.0,0.0,-0.0
1694873412.802665,0.043,-0.8539999999999999,0.001,-0.009293516166508198,-0.0,-1.0,0.0,-0.0
1694873412.855023,0.043,-0.8539999999999999,0.001,-0.0037297948729246855,-0.0,-1.0,0.0,-0.0
1694873412.9048364,0.043,-0.8539999999999999,0.001,-0.0037297948729246855,-0.0,-1.0,0.0,-0.0
1694873412.9555037,0.041999999999999996,-0.8400000000000001,-0.006,0.006206152960658073,-0.0,-1.0,0.0,-0.0
1694873413.0067189,0.041999999999999996,-0.8400000000000001,-0.006,0.006206152960658073,-0.0,-1.0,0.0,-0.0
1694873413.0575657,0.041999999999999996,-0.8400000000000001,-0.006,0.004799185320734978,-0.0,-1.0,0.0,-0.0
1694873413.1090102,0.041999999999999996,-0.8400000000000001,-0.006,0.004799185320734978,-0.0,-1.0,0.0,-0.0
1694873413.159802,0.06,-0.8470000000000001,-0.006,0.005643767304718494,-0.0,-1.0,0.0,-0.0
1694873413.2111242,0.06,-0.8470000000000001,-0.006,0.005643767304718494,-0.0,0.0,0.0,-0.0
1694873413.261669,0.06,-0.8470000000000001,-0.006,-0.00917000975459814,-0.0,0.0,0.0,-0.0
1694873413.3123477,0.06,-0.8470000000000001,-0.006,-0.00917000975459814,-0.0,0.0,0.0,-0.0
1694873413.3640878,0.05500000000000001,-0.8470000000000001,-0.004,0.0003080629976466298,-0.0,0.0,0.0,-0.0
1694873413.4142997,0.05500000000000001,-0.8470000000000001,-0.004,0.0003080629976466298,-0.0,0.0,0.0,-0.0
1694873413.465803,0.05500000000000001,-0.8470000000000001,-0.004,8.949136827141047e-05,-0.0,0.0,0.0,-0.0
1694873413.5162807,0.05500000000000001,-0.8470000000000001,-0.004,8.949136827141047e-05,-0.0,0.0,0.0,-0.0
1694873413.567479,0.043,-0.736,0.005,-0.004394373390823603,-0.0,0.0,0.0,-0.0
1694873413.6275454,0.043,-0.736,0.005,-0.004394373390823603,-0.0,0.0,0.0,-0.0
1694873413.6703048,0.043,-0.736,0.005,0.0006291782483458519,-0.0,0.0,0.0,-0.0
1694873413.7214594,0.043,-0.736,0.005,0.0006291782483458519,-0.0,0.0,0.0,-0.0
1694873413.7723868,0.032,-0.624,-0.006,-0.005421392619609833,-0.0,0.0,0.0,-0.0
1694873413.8223572,0.032,-0.624,-0.006,-0.005421392619609833,-0.0,0.0,0.0,-0.0
1694873413.8741639,0.032,-0.624,-0.006,0.010738463141024113,-0.0,0.0,0.0,-0.0
1694873413.925329,0.032,-0.624,-0.006,0.010738463141024113,-0.0,0.0,0.0,-0.0
1694873413.9756129,0.002,-0.483,-0.013000000000000001,-0.013436214067041874,-0.0,0.0,0.0,-0.0
1694873414.0262318,0.002,-0.483,-0.013000000000000001,-0.013436214067041874,-0.0,0.0,0.0,-0.0
1694873414.0780904,0.002,-0.483,-0.013000000000000001,0.006749615538865328,-0.0,0.0,0.0,-0.0
1694873414.1283774,0.002,-0.483,-0.013000000000000001,0.006749615538865328,-0.0,0.0,0.0,-0.0
1694873414.1802008,0.013000000000000001,-0.369,-0.007000000000000001,0.0036969759967178106,-0.0,0.0,0.0,-0.0
1694873414.2308307,0.013000000000000001,-0.369,-0.007000000000000001,0.0036969759967178106,-0.0,0.0,0.0,-0.0
1694873414.2821486,0.013000000000000001,-0.369,-0.007000000000000001,0.004213695414364338,-0.0,0.0,0.0,-0.0
1694873414.33316,0.013000000000000001,-0.369,-0.007000000000000001,0.004213695414364338,-0.0,0.0,0.0,-0.0
1694873414.3847666,0.011,-0.28900000000000003,0.001,-0.00909467227756977,-0.0,0.0,0.0,-0.0
1694873414.4348087,0.011,-0.28900000000000003,0.001,-0.00909467227756977,-0.0,0.0,0.0,-0.0
1694873414.4900863,0.011,-0.28900000000000003,0.001,-0.006249338388442993,-0.0,0.0,0.0,-0.0
1694873414.5905316,0.002,-0.22000000000000003,0.001,-0.002130681648850441,-0.0,0.0,0.0,-0.0
1694873414.641459,0.002,-0.22000000000000003,0.001,0.0006163722136989236,-0.0,0.0,0.0,-0.0
1694873414.6916816,0.002,-0.22000000000000003,0.001,0.0006163722136989236,-0.0,0.0,0.0,-0.0
1694873414.7437909,-0.008,-0.16399999999999998,0.009,0.006213973741978407,-0.0,0.0,0.0,-0.0
1694873414.7941005,-0.008,-0.16399999999999998,0.009,0.006213973741978407,-0.0,0.0,0.0,-0.0
1694873414.8455622,-0.008,-0.16399999999999998,0.009,-0.0027092574164271355,-0.0,0.0,0.0,-0.0
1694873414.896209,-0.008,-0.16399999999999998,0.009,-0.0027092574164271355,-0.0,0.0,0.0,-0.0
1694873414.9466782,0.012,-0.121,-0.003,0.007456495892256498,-0.0,0.0,0.0,-0.0
1694873414.9979796,0.012,-0.121,-0.003,0.007456495892256498,-0.0,0.0,0.0,-0.0
1694873415.0487144,0.012,-0.121,-0.003,-0.0067151617258787155,-0.0,0.0,0.0,-0.0
1694873415.099762,0.012,-0.121,-0.003,-0.0067151617258787155,-0.0,0.0,0.0,-0.0
1694873415.1508844,0.0,-0.028999999999999998,0.006,-0.005527201574295759,-0.0,0.0,0.0,-0.0
1694873415.2023554,0.0,-0.028999999999999998,0.006,-0.005527201574295759,-0.0,0.0,0.0,-0.0
1694873415.2543237,0.0,-0.028999999999999998,0.006,0.002343700733035803,-0.0,0.0,0.0,-0.0
1694873415.3029335,0.0,-0.028999999999999998,0.006,0.002343700733035803,-0.0,0.0,0.0,-0.0
1694873415.3565388,-0.007000000000000001,0.026000000000000002,-0.0,0.01115470565855503,-0.0,0.0,0.0,-0.0
1694873415.4065468,-0.007000000000000001,0.026000000000000002,-0.0,0.01115470565855503,-0.0,0.0,0.0,-0.0
1694873415.4573486,-0.007000000000000001,0.026000000000000002,-0.0,0.006890442688018084,-0.0,0.0,0.0,-0.0
1694873415.5082545,-0.007000000000000001,0.026000000000000002,-0.0,0.006890442688018084,-0.0,0.0,0.0,-0.0
1694873415.5596352,-0.002,0.024,0.007000000000000001,0.004292825236916542,-0.0,0.0,0.0,-0.0
1694873415.61024,-0.002,0.024,0.007000000000000001,0.004292825236916542,-0.0,0.0,0.0,-0.0
1694873415.6613672,-0.002,0.024,0.007000000000000001,-1.955474726855755e-05,-0.0,0.0,0.0,-0.0
1694873415.712449,-0.002,0.024,0.007000000000000001,-1.955474726855755e-05,-0.0,0.0,0.0,-0.0
1694873415.763491,-0.013000000000000001,0.040999999999999995,0.015,0.0014662458561360836,-0.0,0.0,0.0,-0.0
1694873415.8142748,-0.013000000000000001,0.040999999999999995,0.015,0.0014662458561360836,-0.0,0.0,0.0,-0.0
1694873415.8660536,-0.013000000000000001,0.040999999999999995,0.015,0.0033514313399791718,-0.0,0.0,0.0,-0.0
1694873415.9161456,-0.013000000000000001,0.040999999999999995,0.015,0.0033514313399791718,-0.0,0.0,0.0,-0.0
1694873415.9680426,-0.007000000000000001,0.032,0.007000000000000001,-0.015329903922975063,-0.0,0.0,0.0,-0.0
1694873416.0181868,-0.007000000000000001,0.032,0.007000000000000001,-0.015329903922975063,-0.0,0.0,0.0,-0.0
1694873416.0699708,-0.007000000000000001,0.032,0.007000000000000001,-5.733396392315626e-05,-0.0,0.0,0.0,-0.0
1694873416.1201022,-0.007000000000000001,0.032,0.007000000000000001,-5.733396392315626e-05,-0.0,0.0,0.0,-0.0
1694873416.1724195,0.004,0.012,-0.006,-0.0006490824744105339,-0.0,0.0,0.0,-0.0
1694873416.222006,0.004,0.012,-0.006,-0.0006490824744105339,-0.0,0.0,0.0,-0.0
1694873416.2738996,0.004,0.012,-0.006,0.0010785156628116965,-0.0,0.0,0.0,-0.0
1694873416.3240204,0.004,0.012,-0.006,0.0010785156628116965,-0.0,0.0,0.0,-0.0
1694873416.3767743,0.011,0.005,-0.002,0.0019934731535613537,-0.0,0.0,0.0,-0.0
1694873416.4262257,0.011,0.005,-0.002,0.0019934731535613537,-0.0,0.0,0.0,-0.0
1694873416.47817,0.011,0.005,-0.002,-0.004784360993653536,-0.0,0.0,0.0,-0.0
1694873416.5289714,0.011,0.005,-0.002,-0.004784360993653536,-0.0,0.0,0.0,-0.0
1694873416.5817723,0.011,-0.016,0.006,-0.007121393457055092,-0.0,0.0,0.0,-0.0
1694873416.6312904,0.011,-0.016,0.006,-0.007121393457055092,-0.0,0.0,0.0,-0.0
1694873416.6827416,0.011,-0.016,0.006,0.016533175483345985,-0.0,0.0,0.0,-0.0
1694873416.7339928,0.011,-0.016,0.006,0.016533175483345985,-0.0,0.0,0.0,-0.0
1694873416.785304,0.0,-0.014000000000000002,0.006,-0.006339995190501213,-0.0,0.0,0.0,-0.0
1694873416.7875266,0.0,-0.014000000000000002,0.006,-0.006339995190501213,-0.0,0.0,0.0,-0.0
1694873416.8372183,0.0,-0.014000000000000002,0.006,0.0014307150850072503,-0.0,0.0,0.0,-0.0
1694873416.8879173,0.0,-0.014000000000000002,0.006,0.0014307150850072503,-0.0,0.0,0.0,-0.0
1694873416.9402378,0.014000000000000002,-0.03,0.003,0.006892326753586531,-0.0,0.0,0.0,-0.0
1694873416.9896493,0.014000000000000002,-0.03,0.003,0.006892326753586531,-0.0,0.0,0.0,-0.0
1694873417.041459,0.014000000000000002,-0.03,0.003,-0.00010024188668467104,-0.0,0.0,0.0,-0.0
1694873417.0914972,0.014000000000000002,-0.03,0.003,-0.00010024188668467104,-0.0,0.0,0.0,-0.0
1694873417.1435814,-0.005,0.01,-0.005,-0.012479202821850777,-0.0,0.0,0.0,-0.0
1694873417.1937573,-0.005,0.01,-0.005,-0.012479202821850777,-0.0,0.0,0.0,-0.0
1694873417.246311,-0.005,0.01,-0.005,-0.004272897727787495,-0.0,0.0,0.0,-0.0
1694873417.295632,-0.005,0.01,-0.005,-0.004272897727787495,-0.0,0.0,0.0,-0.0
1694873417.3490236,0.001,0.0,-0.007000000000000001,-0.005602599121630192,-0.0,0.0,0.0,-0.0
1694873417.3974812,0.001,0.0,-0.007000000000000001,-0.005602599121630192,-0.0,0.0,0.0,-0.0
1694873417.4499195,0.001,0.0,-0.007000000000000001,-0.0001866714737843722,-0.0,0.0,0.0,-0.0
1694873417.500108,0.001,0.0,-0.007000000000000001,-0.0001866714737843722,-0.0,0.0,0.0,-0.0
1694873417.5507133,0.006,-0.027000000000000003,-0.009,-0.0018513505347073078,-0.0,0.0,0.0,-0.0
1694873417.6021554,0.006,-0.027000000000000003,-0.009,-0.0018513505347073078,-0.0,0.0,0.0,-0.0
1694873417.6535864,0.006,-0.027000000000000003,-0.009,-0.007054799236357212,-0.0,0.0,0.0,-0.0
1694873417.7028759,0.006,-0.027000000000000003,-0.009,-0.007054799236357212,-0.0,0.0,0.0,-0.0
1694873417.7545135,-0.008,0.008,-0.01,-0.013872740790247917,-0.0,0.0,0.0,-0.0
1694873417.8052082,-0.008,0.008,-0.01,-0.013872740790247917,-0.0,0.0,0.0,-0.0
1694873417.857736,-0.008,0.008,-0.01,0.00022440770408138633,-0.0,0.0,0.0,-0.0
1694873417.9067502,-0.008,0.008,-0.01,0.00022440770408138633,-0.0,0.0,0.0,-0.0
1694873417.9590583,0.008,0.009,-0.024,-0.014646267518401146,-0.0,0.0,0.0,-0.0
1694873418.0093708,0.008,0.009,-0.024,-0.014646267518401146,-0.0,0.0,0.0,-0.0
1694873418.0605993,0.008,0.009,-0.024,-0.0026466362178325653,-0.0,0.0,0.0,-0.0
1694873418.112433,0.008,0.009,-0.024,-0.0026466362178325653,-0.0,0.0,0.0,-0.0
1694873418.1644359,0.009,-0.022,-0.0,0.00579409534111619,-0.0,0.0,0.0,-0.0
1694873418.217354,0.009,-0.022,-0.0,0.00579409534111619,-0.0,0.0,0.0,-0.0
1694873418.2665946,0.009,-0.022,-0.0,-0.0017008540453389287,-0.0,0.0,0.0,-0.0
1694873418.3189173,0.009,-0.022,-0.0,-0.0017008540453389287,-0.0,0.0,0.0,-0.0
1694873418.3695657,-0.003,-0.001,0.006,-0.004701316822320223,-0.0,0.0,0.0,-0.0
1694873418.4203887,-0.003,-0.001,0.006,-0.004701316822320223,-0.0,0.0,0.0,-0.0
1694873418.471861,-0.003,-0.001,0.006,-0.00015203363727778196,-0.0,0.0,0.0,-0.0
1694873418.521954,-0.003,-0.001,0.006,-0.00015203363727778196,-0.0,0.0,0.0,-0.0
1694873418.5734088,0.005,-0.013000000000000001,0.003,0.0011305026710033417,-0.0,0.0,0.0,-0.0
1694873418.6244614,0.005,-0.013000000000000001,0.003,0.0011305026710033417,-0.0,0.0,0.0,-0.0
1694873418.675883,0.005,-0.013000000000000001,0.003,-0.0030456918757408857,-0.0,0.0,0.0,-0.0
1694873418.7256444,0.005,-0.013000000000000001,0.003,-0.0030456918757408857,-0.0,0.0,0.0,-0.0
1694873418.778246,-0.011,0.0,-0.028000000000000004,-0.007365953177213669,-0.0,0.0,0.0,-0.0
1694873418.8291411,-0.011,0.0,-0.028000000000000004,-0.007365953177213669,-0.0,0.0,0.0,-0.0
1694873418.882118,-0.011,0.0,-0.028000000000000004,-0.0032817553728818893,-0.0,0.0,0.0,-0.0
1694873418.9315922,-0.011,0.0,-0.028000000000000004,-0.0032817553728818893,-0.0,0.0,0.0,-0.0
1694873418.9848266,-0.003,-0.028000000000000004,-0.162,-0.015342457219958305,-0.0,0.0,0.0,-0.0
1694873419.0375721,-0.003,-0.028000000000000004,-0.162,-0.005611414089798927,-0.0,0.0,0.0,-0.0
1694873419.0866642,-0.003,-0.028000000000000004,-0.162,-0.005611414089798927,-0.0,0.0,0.0,-0.0
1694873419.1889653,-0.017,-0.034999999999999996,-0.335,-0.0030670170672237873,-0.0,0.0,0.0,-0.0
1694873419.1916656,-0.017,-0.034999999999999996,-0.335,-0.0030670170672237873,-0.0,0.0,0.0,-0.0
1694873419.24107,-0.017,-0.034999999999999996,-0.335,0.0045843664556741714,-0.0,0.0,0.0,-0.0
1694873419.2914588,-0.017,-0.034999999999999996,-0.335,0.0045843664556741714,-0.0,0.0,0.0,-0.0
1694873419.3439198,-0.020999999999999998,-0.03,-0.548,-0.00047657190589234233,-0.0,0.0,0.0,-0.0
1694873419.3942986,-0.020999999999999998,-0.03,-0.548,-0.00047657190589234233,-0.0,0.0,0.0,-0.0
1694873419.4445035,-0.020999999999999998,-0.03,-0.548,-0.00029086723225191236,-0.0,0.0,0.0,-0.0
1694873419.4955542,-0.020999999999999998,-0.03,-0.548,-0.00029086723225191236,-0.0,0.0,0.0,-0.0
1694873419.5484624,-0.017,-0.02,-0.6719999999999999,-0.00015651524881832302,-0.0,0.0,0.0,-0.0
1694873419.5975497,-0.017,-0.02,-0.6719999999999999,-0.00015651524881832302,-0.0,0.0,0.0,-0.0
1694873419.6490142,-0.017,-0.02,-0.6719999999999999,0.006787133403122425,-0.0,0.0,0.0,-0.0
1694873419.6997366,-0.017,-0.02,-0.6719999999999999,0.006787133403122425,-0.0,0.0,0.0,-0.0
1694873419.750396,-0.017,0.004,-0.65,-0.005550758447498083,-0.0,0.0,0.0,-0.0
1694873419.802334,-0.017,0.004,-0.65,-0.005550758447498083,-0.0,0.0,0.0,-0.0
1694873419.852853,-0.017,0.004,-0.65,0.0051426999270915985,-0.0,0.0,0.0,-0.0
1694873419.9028096,-0.017,0.004,-0.65,0.0051426999270915985,-0.0,0.0,0.0,-0.0
1694873419.9545112,-0.011,0.0,-0.5700000000000001,0.004654719028621912,-0.0,0.0,0.0,-0.0
1694873420.0050673,-0.011,0.0,-0.5700000000000001,0.004654719028621912,-0.0,0.0,0.0,-0.0
1694873420.0564742,-0.011,0.0,-0.5700000000000001,0.003065824043005705,-0.0,0.0,0.0,-0.0
1694873420.107325,-0.011,0.0,-0.5700000000000001,0.003065824043005705,-0.0,0.0,0.0,-0.0
1694873420.1593742,-0.015,0.006,-0.514,0.0033375914208590984,-0.0,0.0,0.0,-0.0
1694873420.209067,-0.015,0.006,-0.514,0.0033375914208590984,-0.0,0.0,0.0,-0.0
1694873420.2609456,-0.015,0.006,-0.514,0.004552618600428104,-0.0,0.0,0.0,-0.0
1694873420.3107288,-0.015,0.006,-0.514,0.004552618600428104,-0.0,0.0,0.0,-0.0
1694873420.36412,0.001,-0.009,-0.485,-0.000620189355686307,-0.0,0.0,0.0,-0.0
1694873420.4132552,0.001,-0.009,-0.485,-0.000620189355686307,-0.0,0.0,0.0,-0.0
1694873420.4646401,0.001,-0.009,-0.485,-0.0037561289500445127,-0.0,0.0,0.0,-0.0
1694873420.51477,0.001,-0.009,-0.485,-0.0037561289500445127,-0.0,0.0,0.0,-0.0
1694873420.5673375,0.001,0.020999999999999998,-0.465,-0.0037943816278129816,-0.0,0.0,0.0,-0.0
1694873420.6184442,0.001,0.020999999999999998,-0.465,-0.0037943816278129816,-0.0,0.0,0.0,-0.0
1694873420.6686363,0.001,0.020999999999999998,-0.465,0.0025082831270992756,-0.0,0.0,0.0,-0.0
1694873420.7211425,0.001,0.020999999999999998,-0.465,0.0025082831270992756,-0.0,0.0,0.0,-0.0
1694873420.771154,-0.002,0.015,-0.45599999999999996,0.008419432677328587,-0.0,0.0,0.0,-0.0
1694873420.8209996,-0.002,0.015,-0.45599999999999996,0.008419432677328587,-0.0,0.0,0.0,-0.0
1694873420.8728542,-0.002,0.015,-0.45599999999999996,0.00954999029636383,-0.0,0.0,0.0,-0.0
1694873420.9240808,-0.002,0.015,-0.45599999999999996,0.00954999029636383,-0.0,0.0,0.0,-0.0
1694873420.975353,-0.006,-0.001,-0.453,0.006474579218775034,-0.0,0.0,0.0,-0.0
1694873421.0246375,-0.006,-0.001,-0.453,0.006474579218775034,-0.0,0.0,0.0,-0.0
1694873421.077264,-0.006,-0.001,-0.453,-0.0016716832760721445,-0.0,0.0,0.0,-0.0
1694873421.1267412,-0.006,-0.001,-0.453,-0.0016716832760721445,-0.0,0.0,0.0,-0.0
1694873421.1795418,-0.005,-0.003,-0.385,-0.00249482411891222,-0.0,0.0,0.0,-0.0
1694873421.2301202,-0.005,-0.003,-0.385,-0.00249482411891222,-0.0,0.0,0.0,-0.0
1694873421.2817101,-0.005,-0.003,-0.385,-0.02951548621058464,-0.0,0.0,0.0,-0.0
1694873421.331473,-0.005,-0.003,-0.385,-0.02951548621058464,-0.0,0.0,0.0,-0.0
1694873421.3847225,0.002,-0.016,-0.313,0.020594356581568718,-0.0,0.0,0.0,-0.0
1694873421.4336784,0.002,-0.016,-0.313,0.020594356581568718,-0.0,0.0,0.0,-0.0
1694873421.4863243,0.002,-0.016,-0.313,0.038887687027454376,-0.0,0.0,0.0,-0.0
1694873421.490673,0.002,-0.016,-0.313,0.038887687027454376,-0.0,0.0,0.0,-0.0
1694873421.5371225,-0.006,-0.025,-0.219,-0.01816493831574917,-0.0,0.0,0.0,-0.0
1694873421.5886564,-0.006,-0.025,-0.219,-0.01816493831574917,-0.0,0.0,0.0,-0.0
1694873421.6397905,-0.006,-0.025,-0.219,-0.008914805948734283,-0.0,0.0,0.0,-0.0
1694873421.6902342,-0.006,-0.025,-0.219,-0.008914805948734283,-0.0,0.0,0.0,-0.0
1694873421.7419136,0.003,-0.001,-0.001,0.0619904100894928,-0.0,0.0,0.0,-0.0
1694873421.7939034,0.003,-0.001,-0.001,0.0619904100894928,-0.0,0.0,0.0,-0.0
1694873421.8436227,0.003,-0.001,-0.001,0.03837531432509422,-0.0,0.0,0.0,-0.0
1694873421.8944967,0.003,-0.001,-0.001,0.03837531432509422,-0.0,0.0,0.0,-0.0
1694873421.9468043,0.0,0.0,-0.0,-1.7365440726280212e-05,-0.0,0.0,0.0,-0.0
1694873421.996817,0.0,0.0,-0.0,-1.7365440726280212e-05,-0.0,0.0,0.0,-0.0
1694873422.0477962,0.0,0.0,-0.0,-0.006640201434493065,-0.0,0.0,0.0,-0.0
1694873422.0987604,0.0,0.0,-0.0,-0.006640201434493065,-0.0,0.0,0.0,-0.0
1694873422.1507523,0.0,0.0,-0.0,-0.004937278106808662,-0.0,0.0,0.0,-0.0
1694873422.201052,0.0,0.0,-0.0,-0.004937278106808662,-0.0,0.0,0.0,-0.0
1694873422.2524216,0.0,0.0,-0.0,0.014592339284718037,-0.0,0.0,0.0,-0.0
1694873422.3036127,0.0,0.0,-0.0,0.014592339284718037,-0.0,0.0,0.0,-0.0
1694873422.3546188,0.0,0.0,-0.0,0.0042105261236429214,-0.0,0.0,0.0,-0.0
1694873422.4051192,0.0,0.0,-0.0,0.0042105261236429214,-0.0,0.0,0.0,-0.0
1694873422.4549322,0.0,0.0,-0.0,0.012589510530233383,-0.0,0.0,0.0,-0.0
1694873422.5056586,0.0,0.0,-0.0,0.012589510530233383,-0.0,0.0,0.0,-0.0
1694873422.5569973,0.0,0.0,-0.0,0.0025724866427481174,-0.0,0.0,0.0,-0.0
1694873422.6077373,0.0,0.0,-0.0,0.0025724866427481174,-0.0,0.0,0.0,-0.0
1694873422.6589618,0.0,0.0,-0.0,-0.007221700623631477,-0.0,0.0,0.0,-0.0
1694873422.7101834,0.0,0.0,-0.0,-0.007221700623631477,-0.0,0.0,0.0,-0.0
1694873422.762466,0.0,0.0,-0.0,0.00022627855651080608,-0.0,0.0,0.0,-0.0
1694873422.813272,0.0,0.0,-0.0,0.00022627855651080608,-0.0,0.0,0.0,-0.0
1694873422.8660376,0.0,0.0,-0.0,0.011193080805242062,-0.0,0.0,0.0,-0.0
1694873422.91616,0.0,0.0,-0.0,0.011193080805242062,-0.0,0.0,0.0,-0.0
1694873422.967991,0.0,0.0,-0.0,-0.010908371768891811,-0.0,0.0,0.0,-0.0
1694873423.0175302,0.0,0.0,-0.0,-0.010908371768891811,-0.0,0.0,0.0,-0.0
1694873423.069419,0.0,0.0,-0.0,0.02565617859363556,-0.0,0.0,0.0,-0.0
1694873423.119557,0.0,0.0,-0.0,0.02565617859363556,-0.0,0.0,0.0,-0.0
1694873423.1715362,0.0,0.0,-0.0,0.0059868390671908855,-0.0,0.0,0.0,-0.0
1694873423.2224243,0.0,0.0,-0.0,0.0059868390671908855,-0.0,0.0,0.0,-0.0
1694873423.274403,0.0,0.0,-0.0,-0.002766313496977091,-0.0,0.0,0.0,-0.0
1694873423.3244293,0.0,0.0,-0.0,-0.002766313496977091,-0.0,0.0,0.0,-0.0
1694873423.3766842,0.0,0.0,-0.0,0.004188363440334797,-0.0,0.0,0.0,-0.0
1694873423.426729,0.0,0.0,-0.0,0.004188363440334797,-0.0,0.0,0.0,-0.0
1694873423.4778492,0.0,0.0,-0.0,0.001500170212239027,-0.0,0.0,0.0,-0.0
1694873423.528275,0.0,0.0,-0.0,0.001500170212239027,-0.0,0.0,0.0,-0.0
1694873423.5801947,0.0,0.0,-0.0,-0.001453686272725463,-0.0,0.0,0.0,-0.0
1694873423.6306696,0.0,0.0,-0.0,-0.001453686272725463,-0.0,0.0,0.0,-0.0
