timestamp,X_pose,Y_pose,Z_pose
1702056993.8298054,2.5773660272506556,0.4912112521521401,0.0
1702056993.8798096,2.5773660272506556,0.4912112521521401,0.0
1702056993.9300606,2.5773660272506556,0.4912112521521401,0.0
1702056993.979715,2.5773660272506556,0.4912112521521401,0.0
1702056994.029758,2.5773660272506556,0.4912112521521401,0.0
1702056994.0798256,2.5773660272506556,0.4912112521521401,0.0
1702056994.1297636,2.5773660272506556,0.4912112521521401,0.0
1702056994.179764,2.5773660272506556,0.4912112521521401,0.0
1702056994.229766,2.5773660272506556,0.4912112521521401,0.0
1702056994.2797637,2.5773660272506556,0.4912112521521401,0.0
1702056994.3297648,2.5773660272506556,0.4912112521521401,0.0
1702056994.3797572,2.5773660272506556,0.4912112521521401,0.0
1702056994.429778,2.5773660272506556,0.4912112521521401,0.0
1702056994.4797626,2.5773660272506556,0.4912112521521401,0.0
1702056994.529765,2.5773660272506556,0.4912112521521401,0.0
1702056994.5797644,2.5773660272506556,0.4912112521521401,0.0
1702056994.6297643,2.5773660272506556,0.4912112521521401,0.0
1702056994.679763,2.5773660272506556,0.4912112521521401,0.0
1702056994.7297573,2.5773660272506556,0.4912112521521401,0.0
1702056994.7797573,2.5773660272506556,0.4912112521521401,0.0
1702056994.8297648,2.5773660272506556,0.4912112521521401,0.0
1702056994.8797612,2.5773660272506556,0.4912112521521401,0.0
1702056994.929757,2.5773660272506556,0.4912112521521401,0.0
1702056994.9797647,2.5773660272506556,0.4912112521521401,0.0
1702056995.0297666,2.5773660272506556,0.4912112521521401,0.0
1702056995.0797584,2.5773660272506556,0.4912112521521401,0.0
1702056995.1297133,2.5773660272506556,0.4912112521521401,0.0
1702056995.179757,2.5773660272506556,0.4912112521521401,0.0
1702056995.2297554,2.5773660272506556,0.4912112521521401,0.0
1702056995.2797565,2.5773660272506556,0.4912112521521401,0.0
1702056995.3297565,2.5773660272506556,0.4912112521521401,0.0
1702056995.3797567,2.5773660272506556,0.4912112521521401,0.0
1702056995.4297626,2.5773660272506556,0.4912112521521401,0.0
1702056995.4797556,2.5773660272506556,0.4912112521521401,0.0
1702056995.5297616,2.5773660272506556,0.4912112521521401,0.0
1702056995.5797544,2.5773660272506556,0.4912112521521401,0.0
1702056995.6297543,2.5773660272506556,0.4912112521521401,0.0
1702056995.6797593,2.5773660272506556,0.4912112521521401,0.0
1702056995.7297568,2.5773660272506556,0.4912112521521401,0.0
1702056995.779757,2.5773660272506556,0.4912112521521401,0.0
1702056995.8297558,2.5773660272506556,0.4912112521521401,0.0
1702056995.8797562,2.5773660272506556,0.4912112521521401,0.0
1702056995.9297562,2.5773660272506556,0.4912112521521401,0.0
1702056995.9797566,2.5773660272506556,0.4912112521521401,0.0
1702056996.02976,2.5773660272506556,0.4912112521521401,0.0
1702056996.0797603,2.5773660272506556,0.4912112521521401,0.0
1702056996.1297476,2.5773660272506556,0.4912112521521401,0.0
1702056996.1797569,2.5773660272506556,0.4912112521521401,0.0
1702056996.2297602,2.5773660272506556,0.4912112521521401,0.0
1702056996.279714,2.5773660272506556,0.4912112521521401,0.0
1702056996.329757,2.5773660272506556,0.4912112521521401,0.0
1702056996.3797598,2.5773660272506556,0.4912112521521401,0.0
1702056996.4297616,2.5773660272506556,0.4912112521521401,0.0
1702056996.4797604,2.5773660272506556,0.4912112521521401,0.0
1702056996.5297608,2.5773660272506556,0.4912112521521401,0.0
1702056996.5797584,2.5773660272506556,0.4912112521521401,0.0
1702056996.629763,2.5773660272506556,0.4912112521521401,0.0
1702056996.6797564,2.5773660272506556,0.4912112521521401,0.0
1702056996.729756,2.5773660272506556,0.4912112521521401,0.0
1702056996.7797606,2.5773660272506556,0.4912112521521401,0.0
1702056996.8297567,2.5773660272506556,0.4912112521521401,0.0
1702056996.879757,2.5773660272506556,0.4912112521521401,0.0
1702056996.9297578,2.5773660272506556,0.4912112521521401,0.0
1702056996.9797611,2.5773660272506556,0.4912112521521401,0.0
1702056997.0297668,2.5773660272506556,0.4912112521521401,0.0
1702056997.079756,2.5773660272506556,0.4912112521521401,0.0
1702056997.1297572,2.5773660272506556,0.4912112521521401,0.0
1702056997.1797562,2.5773660272506556,0.4912112521521401,0.0
1702056997.229754,2.5773660272506556,0.4912112521521401,0.0
1702056997.2797565,2.5773660272506556,0.4912112521521401,0.0
1702056997.3297606,2.5773660272506556,0.4912112521521401,0.0
1702056997.3797562,2.5773660272506556,0.4912112521521401,0.0
1702056997.429757,2.5773660272506556,0.4912112521521401,0.0
1702056997.4800909,2.5773660272506556,0.4912112521521401,0.0
1702056997.529757,2.5773660272506556,0.4912112521521401,0.0
1702056997.5797591,2.5773660272506556,0.4912112521521401,0.0
1702056997.6297543,2.5773660272506556,0.4912112521521401,0.0
1702056997.6797597,2.5773660272506556,0.4912112521521401,0.0
1702056997.7297578,2.5785750177621014,0.4914762148109792,0.0
1702056997.7797565,2.5785750177621014,0.4914762148109792,0.0
1702056997.8297627,2.5785750177621014,0.4914762148109792,0.0
1702056997.8797603,2.5785750177621014,0.4914762148109792,0.0
1702056997.929756,2.578575017762102,0.49147621481097925,0.0
1702056997.9797578,2.578575017762102,0.49147621481097925,0.0
1702056998.0297556,2.578575017762102,0.49147621481097925,0.0
1702056998.07976,2.5785750177621023,0.4914762148109793,0.0
1702056998.1297615,2.5785750177621023,0.4914762148109793,0.0
1702056998.1798089,2.5773509071653766,0.49129341296654366,0.0
1702056998.2297614,2.578576354532467,0.49146702753343485,0.0
1702056998.2797556,2.5785763545324674,0.4914670275334349,0.0
1702056998.3297582,2.5785763545324674,0.4914670275334349,0.0
1702056998.3797567,2.5785763545324674,0.4914670275334349,0.0
1702056998.4297562,2.577344360002866,0.4913487258643849,0.0
1702056998.4797564,2.5785787045687476,0.49143927584255603,0.0
1702056998.529757,2.578578704568748,0.49143927584255603,0.0
1702056998.5797565,2.578578704568748,0.49143927584255603,0.0
1702056998.6297581,2.578578704568748,0.49143927584255603,0.0
1702056998.6797562,2.5785787045687485,0.49143927584255603,0.0
1702056998.7297559,2.5785787045687485,0.49143927584255603,0.0
1702056998.7797155,2.578578704568749,0.49143927584255603,0.0
1702056998.8297567,2.578578704568749,0.49143927584255603,0.0
1702056998.8797178,2.5785787045687494,0.49143927584255603,0.0
1702056998.9297447,2.5785787045687494,0.49143927584255603,0.0
1702056998.9797611,2.57857870456875,0.491439275842556,0.0
1702056999.0297563,2.5785787045687503,0.4914392758425559,0.0
1702056999.0797625,2.5785787045687503,0.4914392758425559,0.0
1702056999.1297605,2.5785787045687503,0.4914392758425559,0.0
1702056999.1797607,2.5785787045687507,0.49143927584255587,0.0
1702056999.2297552,2.5785787045687507,0.49143927584255587,0.0
1702056999.2797577,2.577366786122187,0.49169039231900796,0.0
1702056999.329756,2.5785727472218016,0.49141206942723736,0.0
1702056999.379758,2.578572747221802,0.49141206942723725,0.0
1702056999.4297554,2.578572747221802,0.4914120694272373,0.0
1702056999.4797573,2.5785727472218025,0.4914120694272372,0.0
1702056999.5297542,2.5773883086143377,0.4917711111950233,0.0
1702056999.5797665,2.578564368350417,0.4913855086755262,0.0
1702056999.6297545,2.578564368350417,0.4913855086755262,0.0
1702056999.6797562,2.5785643683504174,0.4913855086755261,0.0
1702056999.7297547,2.5785643683504174,0.49138550867552616,0.0
1702056999.7797568,2.578564368350418,0.49138550867552605,0.0
1702056999.8297563,2.578564368350418,0.4913855086755261,0.0
1702056999.879756,2.5785643683504182,0.491385508675526,0.0
1702056999.929756,2.5774468963371286,0.4919175444876503,0.0
1702056999.9797564,2.5785521138070533,0.4913604985738855,0.0
1702057000.0297568,2.5785521138070533,0.49136049857388553,0.0
1702057000.079756,2.5774685610773065,0.49195859496053757,0.0
1702057000.1297605,2.5774685610773065,0.4919585949605376,0.0
1702057000.179795,2.577468561077307,0.49195859496053745,0.0
1702057000.2297552,2.578519230036507,0.49130445388703653,0.0
1702057000.2797651,2.577483546259569,0.49198207097659036,0.0
1702057000.3297305,2.577483546259569,0.4919820709765904,0.0
1702057000.3797593,2.5774835462595695,0.4919820709765902,0.0
1702057000.4297569,2.5784822386890287,0.4912510311437425,0.0
1702057000.4797566,2.577500248620088,0.4920043579721316,0.0
1702057000.5297596,2.577500248620088,0.49200435797213166,0.0
1702057000.5797567,2.5775002486200886,0.49200435797213143,0.0
1702057000.6297536,2.5775002486200886,0.4920043579721315,0.0
1702057000.6797554,2.5784291831201225,0.49118650315584933,0.0
1702057000.7297642,2.5775188867867938,0.4920250533281089,0.0
1702057000.779755,2.577518886786794,0.4920250533281087,0.0
1702057000.829759,2.577518886786794,0.49202505332810875,0.0
1702057000.87976,2.5775188867867946,0.4920250533281085,0.0
1702057000.9297566,2.578370541787821,0.4911270056873371,0.0
1702057000.979755,2.5783705417878213,0.4911270056873368,0.0
1702057001.0297654,2.577553159712187,0.49205635618542704,0.0
1702057001.0797558,2.5775531597121875,0.49205635618542676,0.0
1702057001.1297607,2.5783351192052417,0.49109700997206535,0.0
1702057001.179763,2.5783351192052417,0.49109700997206546,0.0
1702057001.2297657,2.5783351192052417,0.49109700997206557,0.0
1702057001.279758,2.5776045875941076,0.49209607421975027,0.0
1702057001.3297544,2.5776045875941076,0.4920960742197504,0.0
1702057001.3797765,2.578297143651901,0.49107031990575384,0.0
1702057001.429755,2.578297143651901,0.49107031990575395,0.0
1702057001.4797568,2.578297143651901,0.49107031990575367,0.0
1702057001.529759,2.577659377609448,0.492131008493871,0.0
1702057001.579753,2.577659377609448,0.4921310084938707,0.0
1702057001.6297562,2.5782569226153207,0.491047151597493,0.0
1702057001.6797583,2.5782569226153207,0.4910471515974931,0.0
1702057001.7297544,2.5777004390998766,0.49215265234507666,0.0
1702057001.7797554,2.578231906281899,0.49103490978066305,0.0
1702057001.8297563,2.578231906281899,0.4910349097806628,0.0
1702057001.8797576,2.577742724727888,0.4921717946530593,0.0
1702057001.9297547,2.578214804869765,0.49102767769794026,0.0
1702057001.9797447,2.578214804869765,0.4910276776979401,0.0
1702057002.0297556,2.578214804869765,0.49102767769793976,0.0
1702057002.0797553,2.578214804869765,0.49102767769793987,0.0
1702057002.1297567,2.578214804869765,0.49102767769794,0.0
1702057002.179756,2.578214804869765,0.49102767769793976,0.0
1702057002.229756,2.578214804869765,0.4910276776979395,0.0
1702057002.2797735,2.578214804869765,0.4910276776979396,0.0
1702057002.3297784,2.578214804869765,0.49102767769793926,0.0
1702057002.379757,2.578214804869765,0.49102767769793937,0.0
1702057002.4297557,2.578214804869765,0.4910276776979395,0.0
1702057002.4797559,2.578214804869765,0.4910276776979393,0.0
1702057002.5297544,2.578214804869765,0.491027677697939,0.0
1702057002.579769,2.578214804869765,0.4910276776979391,0.0
1702057002.6297586,2.5780466390333245,0.4922538612312337,0.0
1702057002.6797605,2.578196393904109,0.49102526986465883,0.0
1702057002.7297592,2.578196393904109,0.49102526986465866,0.0
1702057002.7797604,2.578196393904109,0.4910252698646588,0.0
1702057002.8297567,2.578196393904109,0.4910252698646589,0.0
1702057002.8797555,2.578196393904109,0.49102526986465855,0.0
1702057002.9297554,2.578196393904109,0.49102526986465833,0.0
1702057002.979758,2.578196393904109,0.49102526986465844,0.0
1702057003.0297604,2.578196393904109,0.49102526986465816,0.0
1702057003.0797582,2.578196393904109,0.4910252698646583,0.0
1702057003.1297605,2.5782505018510897,0.4922617479825165,0.0
1702057003.1797578,2.578168584978292,0.49102680044038366,0.0
1702057003.22976,2.578168584978292,0.4910268004403833,0.0
1702057003.279757,2.578168584978292,0.49102680044038344,0.0
1702057003.3297558,2.578168584978292,0.49102680044038355,0.0
1702057003.3797588,2.5783336235255,0.4922534088064903,0.0
1702057003.4297626,2.5781410262234328,0.49103082462325165,0.0
1702057003.4800842,2.5781410262234328,0.49103082462325176,0.0
1702057003.5297532,2.5781410262234328,0.49103082462325187,0.0
1702057003.5797477,2.5783975239851196,0.4922416155647927,0.0
1702057003.629753,2.5781138465411737,0.49103690277177303,0.0
1702057003.6797216,2.5781138465411737,0.49103690277177314,0.0
1702057003.7297554,2.578442497471187,0.4922301313215779,0.0
1702057003.7797558,2.578442497471187,0.492230131321578,0.0
1702057003.8297555,2.578442497471187,0.4922301313215781,0.0
1702057003.8797605,2.5780516742903243,0.4910557961704524,0.0
1702057003.9297554,2.578468822833099,0.4922210398784933,0.0
1702057003.9797325,2.578468822833099,0.4922210398784934,0.0
1702057004.0297618,2.578468822833099,0.4922210398784935,0.0
1702057004.0797844,2.578468822833099,0.49222103987849325,0.0
1702057004.1297565,2.578468822833099,0.49222103987849336,0.0
1702057004.1798058,2.5779570554119835,0.49109414151903336,0.0
1702057004.2297592,2.5784940501735427,0.49220923901787667,0.0
1702057004.2797627,2.5784940501735427,0.4922092390178764,0.0
1702057004.3297555,2.577915620367645,0.4911150613515359,0.0
1702057004.379758,2.577915620367645,0.491115061351536,0.0
1702057004.4297605,2.5785346716497783,0.49218678021203854,0.0
1702057004.4797614,2.5785346716497783,0.49218678021203865,0.0
1702057004.5297563,2.5785346716497783,0.49218678021203877,0.0
1702057004.5797563,2.5778602256481777,0.49114902860553855,0.0
1702057004.6297534,2.5778602256481777,0.4911490286055383,0.0
1702057004.6797445,2.5778602256481777,0.4911490286055384,0.0
1702057004.7297566,2.5785882072911663,0.49214995244546855,0.0
1702057004.7797558,2.5785882072911663,0.4921499524454683,0.0
1702057004.829787,2.5785882072911663,0.4921499524454684,0.0
1702057004.8797975,2.577808696653299,0.49118861537070185,0.0
1702057004.9297578,2.577808696653299,0.49118861537070196,0.0
1702057004.9797595,2.5786237062470296,0.4921200471545676,0.0
1702057005.0297613,2.5786237062470296,0.49212004715456764,0.0
1702057005.0797591,2.578623706247029,0.4921200471545674,0.0
1702057005.1297605,2.5777609348119666,0.49123267392040443,0.0
1702057005.1797612,2.5777609348119666,0.49123267392040454,0.0
1702057005.2297578,2.5786563732352215,0.4920870718581521,0.0
1702057005.279758,2.577741936284709,0.49125303896347344,0.0
1702057005.3297598,2.5777419362847085,0.4912530389634732,0.0
1702057005.3797588,2.5777419362847085,0.4912530389634733,0.0
1702057005.429755,2.5777419362847085,0.49125303896347317,0.0
1702057005.4797554,2.5777419362847085,0.4912530389634732,0.0
1702057005.5297537,2.577741936284708,0.49125303896347305,0.0
1702057005.5797567,2.577741936284708,0.4912530389634731,0.0
1702057005.6297565,2.577741936284708,0.49125303896347317,0.0
1702057005.679758,2.5787655674307772,0.49194872932754674,0.0
1702057005.7297482,2.577726541374849,0.49127624835311595,0.0
1702057005.7797673,2.577726541374849,0.491276248353116,0.0
1702057005.8297553,2.578790052675344,0.49190929615509305,0.0
1702057005.87976,2.578790052675344,0.4919092961550931,0.0
1702057005.9297562,2.578790052675344,0.49190929615509316,0.0
1702057005.9797587,2.5776947823596594,0.4913329379839449,0.0
1702057006.0297568,2.577694782359659,0.49133293798394473,0.0
1702057006.0797603,2.577694782359659,0.4913329379839448,0.0
1702057006.1297607,2.5788187926304005,0.49185101782058815,0.0
1702057006.1797614,2.5776834093700596,0.4913583610861302,0.0
1702057006.229761,2.577683409370059,0.49135836108613007,0.0
1702057006.2797632,2.5788364672613553,0.4918080980149986,0.0
1702057006.3297613,2.5788364672613553,0.49180809801499864,0.0
1702057006.3797655,2.578836467261355,0.49180809801499853,0.0
1702057006.4297607,2.5776613946272837,0.4914194978213216,0.0
1702057006.4797635,2.5776613946272837,0.49141949782132166,0.0
1702057006.52976,2.578850212183803,0.49176376315965714,0.0
1702057006.5797632,2.578850212183803,0.4917637631596572,0.0
1702057006.6297617,2.577649321790252,0.4914643168897775,0.0
1702057006.6797636,2.577649321790252,0.4914643168897775,0.0
1702057006.729757,2.5776493217902514,0.49146431688977743,0.0
1702057006.779759,2.5776493217902514,0.49146431688977743,0.0
1702057006.8297567,2.578867676949289,0.49168207021883564,0.0
1702057006.8797638,2.5788676769492884,0.4916820702188356,0.0
1702057006.9297616,2.577642013532682,0.49151015455619435,0.0
1702057006.979763,2.577642013532682,0.49151015455619435,0.0
1702057007.0297606,2.5788732612973195,0.4916359907510835,0.0
1702057007.079757,2.578873261297319,0.4916359907510835,0.0
1702057007.1297536,2.577638160948638,0.491556411013986,0.0
1702057007.179764,2.577638160948638,0.491556411013986,0.0
1702057007.2297564,2.578875376698672,0.4915896223634863,0.0
1702057007.2797136,2.578875376698672,0.4915896223634863,0.0
1702057007.3297575,2.5776377857053108,0.4916028261137241,0.0
1702057007.3797605,2.5776377857053108,0.4916028261137241,0.0
1702057007.4297452,2.5776377857053103,0.4916028261137241,0.0
1702057007.4797554,2.578872978035139,0.4915246870441093,0.0
1702057007.529752,2.577639856692046,0.4916306000229033,0.0
1702057007.57975,2.577639856692046,0.4916306000229033,0.0
1702057007.629754,2.5776398566920458,0.4916306000229034,0.0
1702057007.6797552,2.5788657197962674,0.49146011408337636,0.0
1702057007.7297556,2.578865719796267,0.4914601140833764,0.0
1702057007.7797577,2.578865719796267,0.4914601140833764,0.0
1702057007.8297563,2.5776504939638114,0.491694703047315,0.0
1702057007.8797555,2.5776504939638114,0.491694703047315,0.0
1702057007.9297554,2.5788560688250635,0.4914147118692666,0.0
1702057007.9797745,2.5788560688250635,0.49141471186926655,0.0
1702057008.0297582,2.5776618405897707,0.49173971145064804,0.0
1702057008.0797582,2.5776618405897707,0.491739711450648,0.0
1702057008.1297586,2.57766184058977,0.4917397114506481,0.0
1702057008.1797595,2.578837365685357,0.49135248211870886,0.0
1702057008.2297559,2.5776708514671083,0.49176606449803834,0.0
1702057008.279758,2.5776708514671083,0.4917660644980383,0.0
1702057008.3297546,2.577670851467108,0.4917660644980384,0.0
1702057008.379755,2.577670851467108,0.49176606449803845,0.0
1702057008.4297578,2.577670851467108,0.4917660644980384,0.0
1702057008.4797556,2.577670851467108,0.49176606449803834,0.0
1702057008.529755,2.5776708514671074,0.4917660644980385,0.0
1702057008.579757,2.5776708514671074,0.49176606449803845,0.0
1702057008.629756,2.577670851467107,0.4917660644980386,0.0
1702057008.6798174,2.577670851467107,0.49176606449803856,0.0
1702057008.7297597,2.5765926553557286,0.49237376421934637,0.0
1702057008.779758,2.5776569043157944,0.49174195732094494,0.0
1702057008.8297665,2.577656904315794,0.4917419573209451,0.0
1702057008.8797565,2.577656904315794,0.49174195732094506,0.0
1702057008.9297578,2.576627281778134,0.49242874930969555,0.0
1702057008.9797578,2.5776411897673817,0.49171896314808855,0.0
1702057009.0297596,2.577641189767381,0.4917189631480888,0.0
1702057009.0797555,2.577641189767381,0.4917189631480887,0.0
1702057009.1297247,2.5766659314698117,0.4924809848399653,0.0
1702057009.179759,2.5766659314698117,0.4924809848399652,0.0
1702057009.2297614,2.5776119304673966,0.4916829298904559,0.0
1702057009.2797532,2.5776119304673966,0.49168292989045587,0.0
1702057009.3297532,2.577611930467396,0.4916829298904561,0.0
1702057009.3797562,2.577611930467396,0.4916829298904559,0.0
1702057009.4297583,2.5776119304673957,0.49168292989045614,0.0
1702057009.4797616,2.5776119304673957,0.4916829298904561,0.0
1702057009.5297368,2.576761518809008,0.49258215501084984,0.0
1702057009.5797584,2.576761518809008,0.4925821550108498,0.0
1702057009.6297562,2.5775776142645666,0.49165167448269004,0.0
1702057009.6797576,2.5775776142645666,0.4916516744826899,0.0
1702057009.7297585,2.5775776142645666,0.4916516744826902,0.0
1702057009.7797623,2.5775776142645666,0.49165167448269037,0.0
1702057009.8297567,2.5775776142645666,0.49165167448269026,0.0
1702057009.8797557,2.5775776142645666,0.49165167448269015,0.0
1702057009.9297569,2.5775776142645666,0.4916516744826904,0.0
1702057009.9797575,2.5775776142645666,0.4916516744826903,0.0
1702057010.029758,2.57825327023439,0.4906147102517212,0.0
1702057010.0797567,2.5776011185962315,0.49166661521259686,0.0
1702057010.129758,2.5776011185962315,0.49166661521259714,0.0
1702057010.1797578,2.576988868752695,0.49274223407397816,0.0
1702057010.2297595,2.576988868752695,0.49274223407397805,0.0
1702057010.2797208,2.5775603556652396,0.4916444141822565,0.0
1702057010.3297617,2.5775603556652396,0.4916444141822568,0.0
1702057010.3797555,2.5775603556652396,0.4916444141822567,0.0
1702057010.4297576,2.5775603556652396,0.49164441418225696,0.0
1702057010.4797623,2.5775603556652396,0.49164441418225685,0.0
1702057010.5297573,2.5775603556652396,0.491644414182257,0.0
1702057010.5797567,2.5775603556652396,0.4916444141822569,0.0
1702057010.6297593,2.5775603556652396,0.49164441418225724,0.0
1702057010.6797566,2.5775603556652396,0.49164441418225713,0.0
1702057010.7298281,2.5775603556652396,0.49164441418225735,0.0
1702057010.7797573,2.5775603556652396,0.49164441418225724,0.0
1702057010.829757,2.5775603556652396,0.49164441418225757,0.0
1702057010.879755,2.577239270074565,0.4928397006957472,0.0
1702057010.9297557,2.577239270074565,0.49283970069574706,0.0
1702057010.9797566,2.5775153103323007,0.4916332150630195,0.0
1702057011.0297585,2.5775153103323007,0.4916332150630198,0.0
1702057011.0797563,2.5775153103323007,0.4916332150630197,0.0
1702057011.1297548,2.5775153103323007,0.49163321506301993,0.0
1702057011.1797595,2.5775153103323007,0.49163321506302027,0.0
1702057011.2297592,2.5775153103323007,0.49163321506302016,0.0
1702057011.279758,2.5775153103323007,0.49163321506302005,0.0
1702057011.3297546,2.5775153103323007,0.4916332150630204,0.0
1702057011.379752,2.5775153103323007,0.4916332150630206,0.0
1702057011.4297595,2.5775153103323007,0.4916332150630205,0.0
1702057011.4803216,2.5774690361891626,0.49287001112929246,0.0
1702057011.5298717,2.577487468836318,0.4916324869705837,0.0
1702057011.5797489,2.577487468836318,0.49163248697058404,0.0
1702057011.629752,2.577487468836318,0.4916324869705839,0.0
1702057011.679756,2.577487468836318,0.4916324869705838,0.0
1702057011.7297575,2.577487468836318,0.49163248697058404,0.0
1702057011.7797594,2.577487468836318,0.49163248697058437,0.0
1702057011.8297565,2.577487468836318,0.49163248697058426,0.0
1702057011.879765,2.577487468836318,0.4916324869705846,0.0
1702057011.9297552,2.577487468836318,0.4916324869705845,0.0
1702057011.9797568,2.577487468836318,0.49163248697058437,0.0
1702057012.0297549,2.5776817575062063,0.4928548035084018,0.0
1702057012.0797586,2.5774600140599477,0.49163716823874637,0.0
1702057012.1297622,2.5774600140599477,0.49163716823874626,0.0
1702057012.1797578,2.5774600140599477,0.49163716823874615,0.0
1702057012.2297559,2.5774600140599477,0.4916371682387465,0.0
1702057012.2797582,2.5774600140599477,0.49163716823874637,0.0
1702057012.32977,2.577781359251971,0.49283238498621623,0.0
1702057012.3797624,2.57743320123937,0.4916447016091621,0.0
1702057012.4297705,2.57743320123937,0.49164470160916246,0.0
1702057012.4797552,2.57743320123937,0.49164470160916235,0.0
1702057012.5297627,2.5778432135857394,0.49281247542360324,0.0
1702057012.5797598,2.5774070283759705,0.49165422317618646,0.0
1702057012.6297567,2.5774070283759705,0.49165422317618634,0.0
1702057012.6797605,2.5774070283759705,0.49165422317618623,0.0
1702057012.729761,2.5774070283759705,0.49165422317618657,0.0
1702057012.7797575,2.5774070283759705,0.49165422317618673,0.0
1702057012.8297625,2.5774070283759705,0.4916542231761866,0.0
1702057012.8797612,2.5774070283759705,0.4916542231761865,0.0
1702057012.9297624,2.5774070283759705,0.4916542231761868,0.0
1702057012.9797611,2.5768107479804994,0.49056967004431823,0.0
1702057013.029762,2.577431281486899,0.4916405313674149,0.0
1702057013.0797575,2.577431281486899,0.4916405313674152,0.0
1702057013.1297562,2.577431281486899,0.4916405313674151,0.0
1702057013.1797552,2.577431281486899,0.491640531367415,0.0
1702057013.2297256,2.5767399223336476,0.49061396995810563,0.0
1702057013.279754,2.5774542056233787,0.4916247148259531,0.0
1702057013.329762,2.5774542056233787,0.491624714825953,0.0
1702057013.3797607,2.5774542056233787,0.4916247148259529,0.0
1702057013.4297588,2.5774542056233787,0.49162471482595316,0.0
1702057013.4797776,2.5774542056233787,0.49162471482595305,0.0
1702057013.5297582,2.576659048000162,0.4906762791875949,0.0
1702057013.5797515,2.5774753455311528,0.4916065824428649,0.0
1702057013.6297503,2.577475345531153,0.49160658244286515,0.0
1702057013.679755,2.576624738586626,0.49070754204789346,0.0
1702057013.7297604,2.5774953599320636,0.4915872148727194,0.0
1702057013.7797525,2.577495359932064,0.4915872148727196,0.0
1702057013.829763,2.5765923658603347,0.4907408062761832,0.0
1702057013.8797617,2.5765923658603347,0.49074080627618316,0.0
1702057013.9297562,2.5775264625869214,0.49155276016111055,0.0
1702057013.979756,2.577526462586922,0.49155276016111077,0.0
1702057014.029771,2.577526462586922,0.4915527601611107,0.0
1702057014.0797591,2.576551038805903,0.4907909503073467,0.0
1702057014.1297636,2.5765510388059036,0.49079095030734693,0.0
1702057014.1797602,2.5775543421153695,0.49151564905516115,0.0
1702057014.229764,2.5775543421153695,0.4915156490551611,0.0
1702057014.2797563,2.5765245704349744,0.49082908071032927,0.0
1702057014.3297632,2.5775695302112873,0.4914923038038334,0.0
1702057014.379757,2.5775695302112878,0.4914923038038336,0.0
1702057014.4297612,2.5775695302112878,0.4914923038038335,0.0
1702057014.479766,2.576491202136677,0.4908848382744624,0.0
1702057014.5297666,2.576491202136677,0.49088483827446233,0.0
1702057014.5797563,2.577591549939454,0.4914514426503656,0.0
1702057014.6297615,2.577591549939454,0.49145144265036556,0.0
1702057014.6797574,2.576470730060213,0.4909264963634309,0.0
1702057014.7297566,2.5776030782423356,0.49142608959828465,0.0
1702057014.7797563,2.577603078242336,0.4914260895982848,0.0
1702057014.829748,2.577603078242336,0.49142608959828477,0.0
1702057014.8797617,2.5776030782423365,0.4914260895982849,0.0
1702057014.9297626,2.5776030782423365,0.4914260895982848,0.0
1702057014.9797628,2.5764334066362733,0.491021522990866,0.0
1702057015.029761,2.5764334066362737,0.4910215229908661,0.0
1702057015.0797582,2.577617425653959,0.49138194603622887,0.0
1702057015.1297596,2.577617425653959,0.49138194603622887,0.0
1702057015.1797209,2.5776174256539592,0.491381946036229,0.0
1702057015.229756,2.5776174256539592,0.491381946036229,0.0
1702057015.2797117,2.57641179000877,0.4911022167082729,0.0
1702057015.3297617,2.5764117900087706,0.491102216708273,0.0
1702057015.3797598,2.577627066763852,0.49133654172705804,0.0
1702057015.4297583,2.577627066763852,0.49133654172705804,0.0
1702057015.4797683,2.5764038581994595,0.49114795059824856,0.0
1702057015.5297534,2.57640385819946,0.4911479505982486,0.0
1702057015.5797546,2.57640385819946,0.4911479505982486,0.0
1702057015.6297548,2.5776352788909827,0.4912720831337029,0.0
1702057015.679765,2.576401376814587,0.49117569085322704,0.0
1702057015.729763,2.5764013768145873,0.49117569085322704,0.0
1702057015.7797678,2.5764013768145873,0.49117569085322704,0.0
1702057015.8297598,2.577638637331219,0.49120719037471916,0.0
1702057015.879758,2.5776386373312192,0.49120719037471916,0.0
1702057015.9297607,2.5776386373312192,0.49120719037471916,0.0
1702057015.9797566,2.5776386373312192,0.49120719037471916,0.0
1702057016.0297542,2.5764020703074384,0.4912592269153871,0.0
1702057016.0797565,2.5776371533427556,0.4911793789239229,0.0
1702057016.1297565,2.5776371533427556,0.4911793789239229,0.0
1702057016.179757,2.5776371533427556,0.4911793789239229,0.0
1702057016.229782,2.5764079632595633,0.4913239387566883,0.0
1702057016.2797515,2.5764079632595633,0.4913239387566883,0.0
1702057016.32976,2.576407963259564,0.4913239387566882,0.0
1702057016.379758,2.576407963259564,0.4913239387566882,0.0
1702057016.4297566,2.577624601452999,0.49109678833924714,0.0
1702057016.479757,2.577624601452999,0.49109678833924714,0.0
1702057016.5297563,2.5776246014529995,0.491096788339247,0.0
1702057016.5797603,2.576421561786228,0.4913874795259778,0.0
1702057016.6297636,2.5764215617862285,0.49138747952597767,0.0
1702057016.6797605,2.5764215617862285,0.4913874795259777,0.0
1702057016.7297568,2.5776076868051527,0.49103404884628166,0.0
1702057016.7797568,2.5764298148266405,0.4914140796451712,0.0
1702057016.8297558,2.576429814826641,0.4914140796451711,0.0
1702057016.8797562,2.5775926084866816,0.4909901495683454,0.0
1702057016.9297602,2.5764396483026935,0.4914401369237297,0.0
1702057016.9797084,2.5764396483026935,0.4914401369237297,0.0
1702057017.0299695,2.576439648302694,0.49144013692372956,0.0
1702057017.0797584,2.577567402386412,0.49093025798464185,0.0
1702057017.1297572,2.576451406886274,0.4914653839974084,0.0
1702057017.1797562,2.576451406886274,0.49146538399740847,0.0
1702057017.2297556,2.5764514068862745,0.4914653839974083,0.0
1702057017.2797594,2.5764514068862745,0.4914653839974082,0.0
1702057017.3297548,2.5764514068862745,0.49146538399740824,0.0
1702057017.3797603,2.5764514068862745,0.4914653839974083,0.0
1702057017.429761,2.576451406886275,0.49146538399740813,0.0
1702057017.4797602,2.57749028685894,0.49079267736873256,0.0
1702057017.5297544,2.576466806836708,0.4914885900428234,0.0
1702057017.5797594,2.576466806836708,0.49148859004282347,0.0
1702057017.6297574,2.5764668068367085,0.49148859004282325,0.0
1702057017.6797562,2.5754812615647986,0.49223725974495136,0.0
1702057017.7297606,2.5764497111062425,0.4914666033419115,0.0
1702057017.7797558,2.5764497111062425,0.49146660334191156,0.0
1702057017.8297563,2.576449711106243,0.49146660334191133,0.0
1702057017.8797562,2.576449711106243,0.4914666033419114,0.0
1702057017.9297566,2.5764497111062434,0.49146660334191117,0.0
1702057017.9797554,2.5764497111062434,0.491466603341911,0.0
1702057018.0297577,2.5764497111062434,0.49146660334191106,0.0
1702057018.0797243,2.5764497111062434,0.4914666033419111,0.0
1702057018.1297607,2.576449711106244,0.49146660334191083,0.0
1702057018.1797574,2.576449711106244,0.4914666033419109,0.0
1702057018.229756,2.576449711106244,0.49146660334191067,0.0
1702057018.2797625,2.576449711106244,0.4914666033419108,0.0
1702057018.3297563,2.576449711106244,0.4914666033419105,0.0
1702057018.379763,2.576449711106244,0.49146660334191056,0.0
1702057018.4297445,2.576449711106244,0.4914666033419103,0.0
1702057018.4797642,2.577184964044941,0.49047100858398684,0.0
1702057018.5297673,2.5771849640449416,0.4904710085839865,0.0
1702057018.5800002,2.576487559884807,0.4914934728832635,0.0
1702057018.6297617,2.576487559884807,0.49149347288326317,0.0
1702057018.679763,2.577146134359494,0.4904455771503012,0.0
1702057018.7297564,2.577146134359494,0.4904455771503013,0.0
1702057018.779763,2.577146134359494,0.49044557715030135,0.0
1702057018.8297567,2.576543465132347,0.4915265931578226,0.0
1702057018.879763,2.576543465132347,0.49152659315782266,0.0
1702057018.929757,2.5771051757899266,0.490423739158859,0.0
1702057018.9797585,2.5771051757899266,0.4904237391588591,0.0
1702057019.02976,2.5765852137543446,0.49154687997256885,0.0
1702057019.0797634,2.5765852137543446,0.49154687997256896,0.0
1702057019.1297605,2.5765852137543446,0.49154687997256863,0.0
1702057019.1798224,2.577045512431523,0.4903979975009221,0.0
1702057019.2297575,2.577045512431523,0.4903979975009222,0.0
1702057019.2797525,2.576628616982396,0.49156333178359224,0.0
1702057019.329755,2.576628616982396,0.4915633317835919,0.0
1702057019.379762,2.57700152283528,0.49038318474582326,0.0
1702057019.4297607,2.57700152283528,0.4903831847458234,0.0
1702057019.4797564,2.5766731310749638,0.4915764846484569,0.0
1702057019.5297594,2.5766731310749638,0.49157648464845655,0.0
1702057019.5797617,2.5769565468559663,0.4903717102708457,0.0
1702057019.6297626,2.5767003120767185,0.49158255689357405,0.0
1702057019.6797698,2.5767003120767185,0.49158255689357416,0.0
1702057019.729762,2.5767003120767185,0.49158255689357383,0.0
1702057019.7797585,2.576892643836434,0.49035993090821534,0.0
1702057019.829763,2.576892643836434,0.49035993090821545,0.0
1702057019.879787,2.576892643836434,0.4903599309082151,0.0
1702057019.9297514,2.5767647452495286,0.49159096614627146,0.0
1702057019.9797106,2.5767647452495286,0.49159096614627157,0.0
1702057020.029761,2.576846393897339,0.49035600084142295,0.0
1702057020.079762,2.576846393897339,0.4903560008414226,0.0
1702057020.1297588,2.576811110028375,0.49159315922031344,0.0
1702057020.179761,2.576811110028375,0.49159315922031355,0.0
1702057020.2297611,2.576811110028375,0.4915931592203132,0.0
1702057020.2797601,2.5767814144563275,0.490355854092679,0.0
1702057020.329759,2.5767814144563275,0.4903558540926791,0.0
1702057020.379757,2.5768574842398446,0.4915911755868273,0.0
1702057020.429769,2.5768574842398446,0.49159117558682697,0.0
1702057020.4797618,2.5768574842398446,0.4915911755868271,0.0
1702057020.5297608,2.5768574842398446,0.4915911755868267,0.0
1702057020.5797558,2.576698254236125,0.4903637996819856,0.0
1702057020.6297624,2.576885061736156,0.4915872819106269,0.0
1702057020.6797624,2.576885061736156,0.491587281910627,0.0
1702057020.7297618,2.576652508830244,0.4903716648032199,0.0
1702057020.779768,2.576652508830244,0.49037166480321953,0.0
1702057020.829758,2.576930480053729,0.4915777070101024,0.0
1702057020.8797524,2.576930480053729,0.49157770701010245,0.0
1702057020.929756,2.576607481482358,0.4903829360158273,0.0
1702057020.9797556,2.576607481482358,0.49038293601582694,0.0
1702057021.0297604,2.576607481482358,0.490382936015827,0.0
1702057021.0797656,2.576607481482358,0.4903829360158271,0.0
1702057021.129752,2.5770103422879025,0.4915531962335666,0.0
1702057021.1797562,2.5765812508604213,0.4903922972919135,0.0
1702057021.2297544,2.5765812508604213,0.49039229729191364,0.0
1702057021.2797558,2.5765812508604213,0.4903922972919133,0.0
1702057021.3297586,2.5765812508604213,0.4903922972919135,0.0
1702057021.379757,2.5765812508604213,0.4903922972919132,0.0
1702057021.42976,2.5765812508604213,0.4903922972919133,0.0
1702057021.47976,2.5765812508604213,0.4903922972919131,0.0
1702057021.5297582,2.5765812508604213,0.4903922972919132,0.0
1702057021.5797553,2.5765812508604213,0.4903922972919129,0.0
1702057021.629752,2.5765812508604213,0.490392297291913,0.0
1702057021.679758,2.5765812508604213,0.4903922972919127,0.0
1702057021.7297604,2.5765812508604213,0.4903922972919128,0.0
1702057021.779758,2.5772507766476886,0.49143323005921963,0.0
1702057021.8297584,2.5765579978186652,0.4904076261883583,0.0
1702057021.8797612,2.5765579978186652,0.49040762618835804,0.0
1702057021.9298444,2.5765579978186652,0.4904076261883581,0.0
1702057021.9797583,2.5765579978186652,0.4904076261883578,0.0
1702057022.0297558,2.5765579978186652,0.4904076261883579,0.0
1702057022.0797567,2.5765579978186652,0.49040762618835765,0.0
1702057022.1297526,2.5765579978186652,0.49040762618835776,0.0
1702057022.179758,2.576557997818665,0.4904076261883575,0.0
1702057022.2297747,2.5757265667338904,0.4894908229613024,0.0
1702057022.2797596,2.57572656673389,0.4894908229613022,0.0
1702057022.3297591,2.5765917903803617,0.49037580536081943,0.0
1702057022.379761,2.5765917903803612,0.4903758053608192,0.0
1702057022.4297967,2.5765917903803612,0.49037580536081926,0.0
1702057022.4797573,2.5765917903803612,0.4903758053608193,0.0
1702057022.529755,2.576591790380361,0.4903758053608191,0.0
1702057022.5797553,2.576591790380361,0.49037580536081893,0.0
1702057022.6297534,2.576591790380361,0.490375805360819,0.0
1702057022.679756,2.5765917903803603,0.49037580536081876,0.0
1702057022.7297564,2.5765917903803603,0.4903758053608188,0.0
1702057022.7797651,2.575598449249196,0.4896375105667114,0.0
1702057022.8297553,2.5766081516234127,0.4903532667552069,0.0
1702057022.8797576,2.5766081516234123,0.49035326675520674,0.0
1702057022.9297671,2.5766081516234123,0.4903532667552068,0.0
1702057022.9797604,2.5755622752201233,0.4896914900897735,0.0
1702057023.0297558,2.576622777791522,0.4903295654003175,0.0
1702057023.079754,2.5766227777915214,0.49032956540031736,0.0
1702057023.1297588,2.5766227777915214,0.4903295654003174,0.0
1702057023.179755,2.576622777791521,0.4903295654003173,0.0
1702057023.2297544,2.576622777791521,0.49032956540031736,0.0
1702057023.2797544,2.5766227777915205,0.4903295654003172,0.0
1702057023.329754,2.5766227777915205,0.49032956540031725,0.0
1702057023.379758,2.5754897394622893,0.4898315393464186,0.0
1702057023.4297533,2.5766336972548913,0.49030394423061624,0.0
1702057023.479756,2.576633697254891,0.49030394423061613,0.0
1702057023.5297565,2.576633697254891,0.49030394423061613,0.0
1702057023.5797846,2.5766336972548904,0.490303944230616,0.0
1702057023.6297479,2.5766336972548904,0.4903039442306161,0.0
1702057023.6797593,2.57663369725489,0.49030394423061596,0.0
1702057023.7297592,2.57663369725489,0.490303944230616,0.0
1702057023.7797606,2.5766336972548896,0.4903039442306159,0.0
1702057023.829759,2.5766336972548896,0.4903039442306159,0.0
1702057023.879755,2.5754297954168384,0.4900168446482313,0.0
1702057023.9297583,2.5766398526120224,0.4902767819296138,0.0
1702057023.979764,2.576639852612022,0.49027678192961377,0.0
1702057024.0297604,2.576639852612022,0.49027678192961377,0.0
1702057024.0797567,2.5766398526120216,0.4902767819296137,0.0
1702057024.1297596,2.575415016768148,0.49009906597245095,0.0
1702057024.1797562,2.57664354137205,0.490249176276812,0.0
1702057024.2297602,2.57664354137205,0.490249176276812,0.0
1702057024.2797604,2.5766435413720497,0.49024917627681197,0.0
1702057024.3297608,2.5766435413720497,0.49024917627681197,0.0
1702057024.379761,2.5766435413720497,0.49024917627681197,0.0
1702057024.4297602,2.576643541372049,0.49024917627681197,0.0
1702057024.4797614,2.5766435413720488,0.49024917627681197,0.0
1702057024.5297554,2.5766435413720488,0.49024917627681197,0.0
1702057024.5797563,2.5766435413720483,0.49024917627681197,0.0
1702057024.629799,2.5766435413720483,0.49024917627681197,0.0
1702057024.6797612,2.5778795972656363,0.4901861553771376,0.0
1702057024.7297606,2.57664527239577,0.49027697344526544,0.0
1702057024.7797558,2.5766452723957696,0.4902769734452655,0.0
1702057024.8297567,2.5766452723957696,0.4902769734452655,0.0
1702057024.879756,2.57787312960678,0.4901214984465095,0.0
1702057024.9297552,2.5766490817005474,0.49030456272242645,0.0
1702057024.9797568,2.576649081700547,0.4903045627224265,0.0
1702057025.0297594,2.576649081700547,0.4903045627224265,0.0
1702057025.0797591,2.5778618346774786,0.4900575080264341,0.0
1702057025.1297557,2.577861834677478,0.4900575080264342,0.0
1702057025.1797554,2.5766591983588913,0.4903498634455465,0.0
1702057025.2297592,2.5766591983588913,0.49034986344554643,0.0
1702057025.2797585,2.576659198358891,0.49034986344554654,0.0
1702057025.3297129,2.576659198358891,0.4903498634455465,0.0
1702057025.3797548,2.5766591983588905,0.4903498634455466,0.0
1702057025.429758,2.5766591983588905,0.49034986344554654,0.0
1702057025.479757,2.57665919835889,0.49034986344554665,0.0
1702057025.52976,2.577814889770911,0.48990693775646443,0.0
1702057025.5797384,2.576669457466687,0.4903757561032774,0.0
1702057025.6297536,2.576669457466687,0.4903757561032774,0.0
1702057025.6797588,2.5766694574666866,0.4903757561032775,0.0
1702057025.7297544,2.5766694574666866,0.49037575610327744,0.0
1702057025.779755,2.5777806545350406,0.4898307360291975,0.0
1702057025.829754,2.57778065453504,0.4898307360291977,0.0
1702057025.879756,2.576690675480455,0.49041703924975366,0.0
1702057025.9297588,2.576690675480455,0.4904170392497536,0.0
1702057025.9797559,2.5766906754804544,0.4904170392497538,0.0
1702057026.029763,2.5766906754804544,0.4904170392497537,0.0
1702057026.0797567,2.5766906754804544,0.49041703924975383,0.0
1702057026.129814,2.5766906754804544,0.49041703924975383,0.0
1702057026.179753,2.576690675480454,0.490417039249754,0.0
1702057026.2297566,2.576690675480454,0.49041703924975394,0.0
1702057026.279759,2.576690675480454,0.49041703924975405,0.0
1702057026.329713,2.576690675480454,0.490417039249754,0.0
1702057026.3797565,2.5766906754804535,0.49041703924975427,0.0
1702057026.4297552,2.5766906754804535,0.4904170392497542,0.0
1702057026.4797566,2.5766906754804535,0.49041703924975416,0.0
1702057026.529757,2.575765143695024,0.4912387427972872,0.0
1702057026.5797243,2.5766719515730183,0.49039642143446,0.0
1702057026.6297536,2.5766719515730183,0.49039642143445994,0.0
1702057026.6797175,2.576671951573018,0.4903964214344603,0.0
1702057026.7297616,2.576671951573018,0.4903964214344602,0.0
1702057026.7797246,2.576671951573018,0.4903964214344604,0.0
1702057026.829757,2.576671951573018,0.49039642143446033,0.0
1702057026.879753,2.576671951573018,0.4903964214344606,0.0
1702057026.9297566,2.576671951573018,0.4903964214344606,0.0
1702057026.979756,2.577449922321894,0.48943383776549354,0.0
1702057027.029755,2.576693808134865,0.4904136832339435,0.0
1702057027.079759,2.576693808134865,0.4904136832339438,0.0
1702057027.1297572,2.5774126494219245,0.4894061749164163,0.0
1702057027.1797607,2.5774126494219245,0.4894061749164162,0.0
1702057027.2297587,2.576732092093282,0.49043992901111194,0.0
1702057027.2797575,2.576732092093282,0.4904399290111122,0.0
1702057027.3297603,2.5773734082518827,0.48938138312614227,0.0
1702057027.3797596,2.577373408251882,0.48938138312614266,0.0
1702057027.4297552,2.5767722352817963,0.49046323194455754,0.0
1702057027.4797595,2.5767722352817963,0.4904632319445578,0.0
1702057027.529754,2.5773324195067473,0.48935960182536703,0.0
1702057027.5797563,2.5773324195067473,0.4893596018253673,0.0
1702057027.6298141,2.5773324195067473,0.4893596018253673,0.0
1702057027.6797595,2.576830930079466,0.49049111150724983,0.0
1702057027.729757,2.576830930079466,0.4904911115072497,0.0
1702057027.779758,2.5772896387366644,0.48934159327177934,0.0
1702057027.8298252,2.5772896387366644,0.48934159327177923,0.0
1702057027.8797607,2.5768743560284935,0.490507503250364,0.0
1702057027.9297557,2.5768743560284935,0.4905075032503639,0.0
1702057027.9797797,2.5768743560284935,0.49050750325036424,0.0
1702057028.0297554,2.577227874960393,0.48932140453159867,0.0
1702057028.079763,2.5769011345492023,0.49051515765078363,0.0
1702057028.1297555,2.5769011345492023,0.49051515765078363,0.0
1702057028.179756,2.5769011345492023,0.49051515765078396,0.0
1702057028.2297623,2.5769011345492023,0.49051515765078385,0.0
1702057028.2797563,2.577146601317984,0.4893020822733685,0.0
1702057028.32976,2.576928492727642,0.4905203738840623,0.0
1702057028.3797607,2.576928492727642,0.4905203738840627,0.0
1702057028.4297597,2.576928492727642,0.4905203738840626,0.0
1702057028.4797547,2.577082360103464,0.48929231418008845,0.0
1702057028.5297546,2.5769561648839185,0.49052352519873293,0.0
1702057028.5797303,2.5769561648839185,0.4905235251987324,0.0
1702057028.6297584,2.5770361047710466,0.48928844810789385,0.0
1702057028.6797605,2.5769747009969857,0.49052460863301817,0.0
1702057028.7297592,2.5769747009969857,0.49052460863301794,0.0
1702057028.779761,2.5769747009969857,0.4905246086330174,0.0
1702057028.8297346,2.5769747009969857,0.4905246086330173,0.0
1702057028.8797584,2.57694329353348,0.4892873457761005,0.0
1702057028.9297554,2.577002533328176,0.49052358865377144,0.0
1702057028.9797542,2.577002533328176,0.4905235886537709,0.0
1702057029.0297554,2.577002533328176,0.49052358865377077,0.0
1702057029.0797563,2.576878492416455,0.4892921587296219,0.0
1702057029.1297584,2.5770302109556087,0.4905204857588552,0.0
1702057029.1797574,2.5770302109556087,0.49052048575885465,0.0
1702057029.2297595,2.5770302109556087,0.49052048575885454,0.0
1702057029.2797558,2.5770302109556087,0.490520485758854,0.0
1702057029.3297594,2.5770302109556087,0.49052048575885376,0.0
1702057029.3797631,2.5770302109556087,0.4905204857588533,0.0
1702057029.429756,2.5770302109556087,0.4905204857588532,0.0
1702057029.479757,2.5770302109556087,0.49052048575885265,0.0
1702057029.5297315,2.5770302109556087,0.49052048575885254,0.0
1702057029.5797517,2.5770302109556087,0.49052048575885243,0.0
1702057029.6297486,2.5770302109556087,0.4905204857588519,0.0
1702057029.6797566,2.5770302109556087,0.4905204857588514,0.0
1702057029.7298214,2.5770302109556087,0.49052048575885127,0.0
1702057029.7797577,2.5770302109556087,0.49052048575885115,0.0
1702057029.8297586,2.5770302109556087,0.49052048575885066,0.0
1702057029.879758,2.5770302109556087,0.49052048575885016,0.0
1702057029.9297435,2.5770302109556087,0.49052048575885004,0.0
1702057029.9797466,2.5770302109556087,0.49052048575884993,0.0
1702057030.0297441,2.5770302109556082,0.49052048575884943,0.0
1702057030.0797474,2.5770302109556082,0.4905204857588493,0.0
1702057030.129746,2.5764636884522343,0.4894200958011341,0.0
1702057030.1797047,2.577054827953473,0.4905074595378585,0.0
1702057030.229776,2.5770548279534724,0.490507459537858,0.0
1702057030.2797463,2.5770548279534724,0.4905074595378579,0.0
1702057030.3297455,2.577054827953472,0.4905074595378574,0.0
1702057030.3797467,2.577054827953472,0.4905074595378573,0.0
1702057030.4297454,2.5770548279534715,0.49050745953785685,0.0
1702057030.4797463,2.5770548279534715,0.49050745953785674,0.0
1702057030.5297456,2.577054827953471,0.4905074595378563,0.0
1702057030.5797465,2.57631523332682,0.48951508582090375,0.0
1702057030.6297152,2.5770769706024383,0.49049056628139526,0.0
1702057030.6797583,2.5770769706024383,0.49049056628139526,0.0
1702057030.7297604,2.57627919153875,0.4895443346123995,0.0
1702057030.7797565,2.5770980602538467,0.49047237546996114,0.0
1702057030.829756,2.5770980602538462,0.49047237546996075,0.0
1702057030.8797605,2.5770980602538462,0.4904723754699607,0.0
1702057030.9297562,2.577098060253846,0.49047237546996036,0.0
1702057030.979756,2.577098060253846,0.4904723754699602,0.0
1702057031.029761,2.5770980602538454,0.4904723754699598,0.0
1702057031.0797565,2.5770980602538454,0.49047237546995975,0.0
1702057031.1297605,2.577098060253845,0.49047237546995937,0.0
1702057031.1797643,2.577098060253845,0.49047237546995937,0.0
1702057031.2297688,2.5770980602538445,0.4904723754699589,0.0
1702057031.2797618,2.5770980602538445,0.49047237546995887,0.0
1702057031.329762,2.577098060253844,0.49047237546995853,0.0
1702057031.3797631,2.578097921638492,0.49120181567817156,0.0
1702057031.4297578,2.577081899903219,0.49049505854922093,0.0
1702057031.4797587,2.577081899903219,0.4904950585492209,0.0
1702057031.5297554,2.5770818999032183,0.4904950585492206,0.0
1702057031.5797565,2.57813361465293,0.49114751689356606,0.0
1702057031.6297576,2.57707221035632,0.490510897551664,0.0
1702057031.6797583,2.5770722103563197,0.49051089755166377,0.0
1702057031.7297573,2.5770722103563197,0.4905108975516637,0.0
1702057031.7797613,2.5770722103563193,0.49051089755166344,0.0
1702057031.8297575,2.5770722103563193,0.49051089755166344,0.0
1702057031.8797572,2.5770722103563193,0.49051089755166344,0.0
1702057031.9297395,2.5781655640201455,0.4910909329239837,0.0
1702057031.9797733,2.5781655640201455,0.4910909329239837,0.0
1702057032.0297549,2.5781655640201455,0.4910909329239837,0.0
1702057032.0797553,2.57926323780799,0.4916627506596514,0.0
1702057032.1297565,2.57926323780799,0.4916627506596514,0.0
1702057032.1797574,2.57926323780799,0.4916627506596514,0.0
1702057032.2297657,2.57926323780799,0.4916627506596514,0.0
1702057032.2797565,2.57926323780799,0.4916627506596514,0.0
1702057032.3297534,2.57926323780799,0.4916627506596514,0.0
1702057032.379757,2.57926323780799,0.4916627506596514,0.0
1702057032.429757,2.57926323780799,0.4916627506596514,0.0
1702057032.4797633,2.57926323780799,0.4916627506596514,0.0
1702057032.5297587,2.57926323780799,0.4916627506596514,0.0
1702057032.5797567,2.57926323780799,0.4916627506596514,0.0
1702057032.6297543,2.57926323780799,0.4916627506596514,0.0
1702057032.6797574,2.57926323780799,0.4916627506596514,0.0
1702057032.7297637,2.57926323780799,0.4916627506596514,0.0
1702057032.7797632,2.57926323780799,0.4916627506596514,0.0
1702057032.8297584,2.57926323780799,0.4916627506596514,0.0
1702057032.8797565,2.57926323780799,0.4916627506596514,0.0
1702057032.9297614,2.57926323780799,0.4916627506596514,0.0
1702057032.9797583,2.57926323780799,0.4916627506596514,0.0
1702057033.0297627,2.57926323780799,0.4916627506596514,0.0
1702057033.0797627,2.57926323780799,0.4916627506596514,0.0
1702057033.1297643,2.57926323780799,0.4916627506596514,0.0
1702057033.179758,2.57926323780799,0.4916627506596514,0.0
1702057033.2297554,2.57926323780799,0.4916627506596514,0.0
1702057033.2797575,2.57926323780799,0.4916627506596514,0.0
1702057033.3297553,2.57926323780799,0.4916627506596514,0.0
1702057033.3797553,2.57926323780799,0.4916627506596514,0.0
1702057033.429757,2.57926323780799,0.4916627506596514,0.0
1702057033.4797738,2.57926323780799,0.4916627506596514,0.0
1702057033.5297196,2.57926323780799,0.4916627506596514,0.0
1702057033.579755,2.57926323780799,0.4916627506596514,0.0
1702057033.6297605,2.57926323780799,0.4916627506596514,0.0
1702057033.6797552,2.57926323780799,0.4916627506596514,0.0
1702057033.729757,2.57926323780799,0.4916627506596514,0.0
1702057033.7797537,2.57926323780799,0.4916627506596514,0.0
1702057033.8297536,2.57926323780799,0.4916627506596514,0.0
1702057033.879757,2.57926323780799,0.4916627506596514,0.0
1702057033.9297576,2.57926323780799,0.4916627506596514,0.0
1702057033.9797575,2.57926323780799,0.4916627506596514,0.0
1702057034.02976,2.57926323780799,0.4916627506596514,0.0
1702057034.0797634,2.57926323780799,0.4916627506596514,0.0
1702057034.129838,2.57926323780799,0.4916627506596514,0.0
1702057034.1797616,2.57926323780799,0.4916627506596514,0.0
1702057034.2298164,2.57926323780799,0.4916627506596514,0.0
1702057034.2797575,2.57926323780799,0.4916627506596514,0.0
1702057034.3297575,2.57926323780799,0.4916627506596514,0.0
1702057034.3797612,2.57926323780799,0.4916627506596514,0.0
1702057034.429763,2.57926323780799,0.4916627506596514,0.0
1702057034.479756,2.57926323780799,0.4916627506596514,0.0
1702057034.529761,2.57926323780799,0.4916627506596514,0.0
1702057034.5797565,2.57926323780799,0.4916627506596514,0.0
1702057034.6297572,2.57926323780799,0.4916627506596514,0.0
1702057034.679762,2.57926323780799,0.4916627506596514,0.0
1702057034.7297623,2.57926323780799,0.4916627506596514,0.0
1702057034.7797077,2.57926323780799,0.4916627506596514,0.0
1702057034.8297572,2.57926323780799,0.4916627506596514,0.0
1702057034.8797545,2.57926323780799,0.4916627506596514,0.0
1702057034.92976,2.57926323780799,0.4916627506596514,0.0
1702057034.979762,2.57926323780799,0.4916627506596514,0.0
1702057035.0298157,2.57926323780799,0.4916627506596514,0.0
1702057035.0797567,2.57926323780799,0.4916627506596514,0.0
1702057035.129757,2.57926323780799,0.4916627506596514,0.0
1702057035.179757,2.57926323780799,0.4916627506596514,0.0
1702057035.229755,2.57926323780799,0.4916627506596514,0.0
1702057035.279761,2.57926323780799,0.4916627506596514,0.0
1702057035.3297627,2.57926323780799,0.4916627506596514,0.0
1702057035.3797605,2.57926323780799,0.4916627506596514,0.0
1702057035.4297624,2.57926323780799,0.4916627506596514,0.0
1702057035.4809458,2.57926323780799,0.4916627506596514,0.0
1702057035.5298254,2.57926323780799,0.4916627506596514,0.0
1702057035.5797606,2.57926323780799,0.4916627506596514,0.0
1702057035.6297467,2.57926323780799,0.4916627506596514,0.0
1702057035.6797433,2.57926323780799,0.4916627506596514,0.0
1702057035.7297442,2.57926323780799,0.4916627506596514,0.0
1702057035.7797484,2.57926323780799,0.4916627506596514,0.0
1702057035.8297465,2.57926323780799,0.4916627506596514,0.0
1702057035.8797474,2.57926323780799,0.4916627506596514,0.0
1702057035.9297464,2.57926323780799,0.4916627506596514,0.0
1702057035.9797432,2.57926323780799,0.4916627506596514,0.0
1702057036.0297463,2.57926323780799,0.4916627506596514,0.0
1702057036.0797439,2.57926323780799,0.4916627506596514,0.0
1702057036.1297429,2.57926323780799,0.4916627506596514,0.0
1702057036.1797438,2.57926323780799,0.4916627506596514,0.0
1702057036.229743,2.57926323780799,0.4916627506596514,0.0
1702057036.2797441,2.57926323780799,0.4916627506596514,0.0
1702057036.3297591,2.57926323780799,0.4916627506596514,0.0
1702057036.3797674,2.57926323780799,0.4916627506596514,0.0
1702057036.4297626,2.57926323780799,0.4916627506596514,0.0
1702057036.4797623,2.57926323780799,0.4916627506596514,0.0
1702057036.5297606,2.57926323780799,0.4916627506596514,0.0
1702057036.5797613,2.57926323780799,0.4916627506596514,0.0
1702057036.6297605,2.57926323780799,0.4916627506596514,0.0
1702057036.679764,2.57926323780799,0.4916627506596514,0.0
1702057036.7297583,2.57926323780799,0.4916627506596514,0.0
1702057036.7797632,2.57926323780799,0.4916627506596514,0.0
1702057036.8297575,2.57926323780799,0.4916627506596514,0.0
1702057036.8797643,2.57926323780799,0.4916627506596514,0.0
1702057036.9297612,2.57926323780799,0.4916627506596514,0.0
1702057036.9798105,2.57926323780799,0.4916627506596514,0.0
1702057037.0297616,2.57926323780799,0.4916627506596514,0.0
1702057037.0797615,2.57926323780799,0.4916627506596514,0.0
1702057037.1297598,2.57926323780799,0.4916627506596514,0.0
1702057037.1797583,2.57926323780799,0.4916627506596514,0.0
1702057037.2297573,2.57926323780799,0.4916627506596514,0.0
1702057037.2797568,2.57926323780799,0.4916627506596514,0.0
1702057037.3297603,2.57926323780799,0.4916627506596514,0.0
1702057037.3797581,2.57926323780799,0.4916627506596514,0.0
1702057037.429758,2.57926323780799,0.4916627506596514,0.0
1702057037.4797606,2.57926323780799,0.4916627506596514,0.0
1702057037.529755,2.57926323780799,0.4916627506596514,0.0
1702057037.5797544,2.57926323780799,0.4916627506596514,0.0
1702057037.6297605,2.57926323780799,0.4916627506596514,0.0
1702057037.6797562,2.57926323780799,0.4916627506596514,0.0
1702057037.72976,2.57926323780799,0.4916627506596514,0.0
1702057037.7797518,2.57926323780799,0.4916627506596514,0.0
1702057037.8297553,2.57926323780799,0.4916627506596514,0.0
1702057037.8797593,2.57926323780799,0.4916627506596514,0.0
1702057037.9297588,2.57926323780799,0.4916627506596514,0.0
1702057037.979755,2.57926323780799,0.4916627506596514,0.0
1702057038.029762,2.57926323780799,0.4916627506596514,0.0
1702057038.0797558,2.57926323780799,0.4916627506596514,0.0
1702057038.129738,2.57926323780799,0.4916627506596514,0.0
1702057038.1797593,2.57926323780799,0.4916627506596514,0.0
1702057038.2297559,2.57926323780799,0.4916627506596514,0.0
1702057038.279737,2.57926323780799,0.4916627506596514,0.0
1702057038.3297565,2.57926323780799,0.4916627506596514,0.0
1702057038.3797562,2.57926323780799,0.4916627506596514,0.0
1702057038.4297557,2.57926323780799,0.4916627506596514,0.0
1702057038.479759,2.57926323780799,0.4916627506596514,0.0
1702057038.5297565,2.57926323780799,0.4916627506596514,0.0
1702057038.5797575,2.57926323780799,0.4916627506596514,0.0
1702057038.629756,2.57926323780799,0.4916627506596514,0.0
1702057038.6797585,2.57926323780799,0.4916627506596514,0.0
1702057038.7297585,2.57926323780799,0.4916627506596514,0.0
1702057038.779758,2.57926323780799,0.4916627506596514,0.0
1702057038.829758,2.57926323780799,0.4916627506596514,0.0
1702057038.8797565,2.57926323780799,0.4916627506596514,0.0
1702057038.9297569,2.57926323780799,0.4916627506596514,0.0
1702057038.9797618,2.57926323780799,0.4916627506596514,0.0
1702057039.0297563,2.57926323780799,0.4916627506596514,0.0
1702057039.079758,2.57926323780799,0.4916627506596514,0.0
1702057039.1297605,2.57926323780799,0.4916627506596514,0.0
1702057039.179761,2.57926323780799,0.4916627506596514,0.0
1702057039.2297606,2.57926323780799,0.4916627506596514,0.0
1702057039.2797577,2.57926323780799,0.4916627506596514,0.0
1702057039.3297555,2.57926323780799,0.4916627506596514,0.0
1702057039.3797631,2.57926323780799,0.4916627506596514,0.0
1702057039.429761,2.57926323780799,0.4916627506596514,0.0
1702057039.4797637,2.57926323780799,0.4916627506596514,0.0
1702057039.529758,2.57926323780799,0.4916627506596514,0.0
1702057039.5797558,2.57926323780799,0.4916627506596514,0.0
1702057039.6297178,2.57926323780799,0.4916627506596514,0.0
1702057039.6797566,2.57926323780799,0.4916627506596514,0.0
1702057039.7297568,2.57926323780799,0.4916627506596514,0.0
1702057039.779762,2.57926323780799,0.4916627506596514,0.0
1702057039.8297563,2.57926323780799,0.4916627506596514,0.0
1702057039.8797584,2.57926323780799,0.4916627506596514,0.0
1702057039.9297607,2.57926323780799,0.4916627506596514,0.0
1702057039.9797566,2.57926323780799,0.4916627506596514,0.0
1702057040.0297573,2.57926323780799,0.4916627506596514,0.0
1702057040.079757,2.57926323780799,0.4916627506596514,0.0
1702057040.1297603,2.57926323780799,0.4916627506596514,0.0
1702057040.1797566,2.57926323780799,0.4916627506596514,0.0
1702057040.2297602,2.57926323780799,0.4916627506596514,0.0
1702057040.27976,2.57926323780799,0.4916627506596514,0.0
